Pixel_Index,PM2.5
0,-9999.0
1,-9999.0
2,-9999.0
3,-9999.0
4,-9999.0
5,-9999.0
6,-9999.0
7,-9999.0
8,-9999.0
9,-9999.0
10,-9999.0
11,-9999.0
12,-9999.0
13,-9999.0
14,-9999.0
15,-9999.0
16,-9999.0
17,-9999.0
18,-9999.0
19,-9999.0
20,-9999.0
21,-9999.0
22,-9999.0
23,-9999.0
24,-9999.0
25,-9999.0
26,-9999.0
27,-9999.0
28,-9999.0
29,-9999.0
30,-9999.0
31,-9999.0
32,-9999.0
33,-9999.0
34,-9999.0
35,-9999.0
36,-9999.0
37,-9999.0
38,-9999.0
39,-9999.0
40,-9999.0
41,-9999.0
42,-9999.0
43,-9999.0
44,-9999.0
45,-9999.0
46,-9999.0
47,-9999.0
48,-9999.0
49,-9999.0
50,20.032328
51,21.67057
52,21.67057
53,25.75348
54,-9999.0
55,25.75348
56,25.75348
57,-9999.0
58,-9999.0
59,-9999.0
60,-9999.0
61,-9999.0
62,-9999.0
63,-9999.0
64,-9999.0
65,-9999.0
66,-9999.0
67,-9999.0
68,-9999.0
69,-9999.0
70,-9999.0
71,-9999.0
72,-9999.0
73,-9999.0
74,-9999.0
75,-9999.0
76,-9999.0
77,-9999.0
78,-9999.0
79,-9999.0
80,-9999.0
81,-9999.0
82,-9999.0
83,-9999.0
84,-9999.0
85,-9999.0
86,-9999.0
87,-9999.0
88,-9999.0
89,-9999.0
90,-9999.0
91,-9999.0
92,-9999.0
93,-9999.0
94,-9999.0
95,-9999.0
96,-9999.0
97,-9999.0
98,-9999.0
99,-9999.0
100,-9999.0
101,-9999.0
102,-9999.0
103,-9999.0
104,-9999.0
105,-9999.0
106,-9999.0
107,-9999.0
108,-9999.0
109,-9999.0
110,-9999.0
111,-9999.0
112,-9999.0
113,-9999.0
114,-9999.0
115,-9999.0
116,-9999.0
117,-9999.0
118,-9999.0
119,-9999.0
120,-9999.0
121,-9999.0
122,-9999.0
123,20.032328
124,21.67057
125,21.67057
126,25.75348
127,25.75348
128,25.75348
129,-9999.0
130,-9999.0
131,-9999.0
132,-9999.0
133,-9999.0
134,-9999.0
135,-9999.0
136,-9999.0
137,-9999.0
138,-9999.0
139,-9999.0
140,-9999.0
141,-9999.0
142,-9999.0
143,-9999.0
144,-9999.0
145,-9999.0
146,-9999.0
147,-9999.0
148,-9999.0
149,-9999.0
150,-9999.0
151,-9999.0
152,-9999.0
153,-9999.0
154,-9999.0
155,-9999.0
156,-9999.0
157,-9999.0
158,-9999.0
159,-9999.0
160,-9999.0
161,-9999.0
162,-9999.0
163,-9999.0
164,-9999.0
165,-9999.0
166,-9999.0
167,-9999.0
168,-9999.0
169,-9999.0
170,-9999.0
171,-9999.0
172,-9999.0
173,-9999.0
174,-9999.0
175,-9999.0
176,-9999.0
177,-9999.0
178,-9999.0
179,-9999.0
180,-9999.0
181,-9999.0
182,-9999.0
183,-9999.0
184,-9999.0
185,-9999.0
186,-9999.0
187,-9999.0
188,-9999.0
189,-9999.0
190,-9999.0
191,-9999.0
192,-9999.0
193,-9999.0
194,-9999.0
195,-9999.0
196,20.032328
197,21.67057
198,21.67057
199,25.75348
200,25.75348
201,25.75348
202,-9999.0
203,-9999.0
204,-9999.0
205,-9999.0
206,-9999.0
207,-9999.0
208,-9999.0
209,-9999.0
210,-9999.0
211,-9999.0
212,-9999.0
213,-9999.0
214,-9999.0
215,-9999.0
216,-9999.0
217,-9999.0
218,-9999.0
219,-9999.0
220,-9999.0
221,-9999.0
222,-9999.0
223,-9999.0
224,-9999.0
225,-9999.0
226,-9999.0
227,-9999.0
228,-9999.0
229,-9999.0
230,-9999.0
231,-9999.0
232,-9999.0
233,-9999.0
234,-9999.0
235,-9999.0
236,-9999.0
237,-9999.0
238,-9999.0
239,-9999.0
240,-9999.0
241,-9999.0
242,-9999.0
243,-9999.0
244,-9999.0
245,-9999.0
246,-9999.0
247,-9999.0
248,-9999.0
249,-9999.0
250,-9999.0
251,-9999.0
252,-9999.0
253,-9999.0
254,-9999.0
255,-9999.0
256,-9999.0
257,-9999.0
258,-9999.0
259,-9999.0
260,-9999.0
261,-9999.0
262,-9999.0
263,-9999.0
264,-9999.0
265,-9999.0
266,-9999.0
267,-9999.0
268,-9999.0
269,20.032328
270,20.032328
271,20.032328
272,21.67057
273,21.67057
274,21.67057
275,25.75348
276,-9999.0
277,-9999.0
278,-9999.0
279,-9999.0
280,-9999.0
281,-9999.0
282,-9999.0
283,-9999.0
284,-9999.0
285,-9999.0
286,-9999.0
287,-9999.0
288,-9999.0
289,-9999.0
290,-9999.0
291,-9999.0
292,-9999.0
293,-9999.0
294,-9999.0
295,-9999.0
296,-9999.0
297,-9999.0
298,-9999.0
299,-9999.0
300,-9999.0
301,-9999.0
302,-9999.0
303,-9999.0
304,-9999.0
305,-9999.0
306,-9999.0
307,-9999.0
308,-9999.0
309,-9999.0
310,-9999.0
311,-9999.0
312,-9999.0
313,-9999.0
314,-9999.0
315,-9999.0
316,-9999.0
317,-9999.0
318,-9999.0
319,-9999.0
320,-9999.0
321,-9999.0
322,-9999.0
323,-9999.0
324,-9999.0
325,-9999.0
326,-9999.0
327,-9999.0
328,-9999.0
329,-9999.0
330,-9999.0
331,-9999.0
332,-9999.0
333,-9999.0
334,-9999.0
335,-9999.0
336,-9999.0
337,-9999.0
338,-9999.0
339,-9999.0
340,-9999.0
341,20.032328
342,20.032328
343,20.032328
344,20.032328
345,21.67057
346,21.67057
347,21.67057
348,25.75348
349,-9999.0
350,-9999.0
351,-9999.0
352,-9999.0
353,-9999.0
354,-9999.0
355,-9999.0
356,-9999.0
357,-9999.0
358,-9999.0
359,-9999.0
360,-9999.0
361,-9999.0
362,-9999.0
363,-9999.0
364,-9999.0
365,-9999.0
366,-9999.0
367,-9999.0
368,-9999.0
369,-9999.0
370,-9999.0
371,-9999.0
372,-9999.0
373,-9999.0
374,-9999.0
375,-9999.0
376,-9999.0
377,-9999.0
378,-9999.0
379,-9999.0
380,-9999.0
381,-9999.0
382,-9999.0
383,-9999.0
384,-9999.0
385,-9999.0
386,-9999.0
387,-9999.0
388,-9999.0
389,-9999.0
390,-9999.0
391,-9999.0
392,-9999.0
393,-9999.0
394,-9999.0
395,-9999.0
396,-9999.0
397,-9999.0
398,-9999.0
399,-9999.0
400,-9999.0
401,-9999.0
402,-9999.0
403,-9999.0
404,-9999.0
405,-9999.0
406,-9999.0
407,-9999.0
408,-9999.0
409,-9999.0
410,-9999.0
411,-9999.0
412,-9999.0
413,20.032328
414,20.032328
415,20.032328
416,20.032328
417,20.032328
418,20.032328
419,20.032328
420,20.032328
421,25.75348
422,25.75348
423,25.75348
424,25.75348
425,25.75348
426,-9999.0
427,-9999.0
428,-9999.0
429,-9999.0
430,-9999.0
431,-9999.0
432,-9999.0
433,-9999.0
434,-9999.0
435,-9999.0
436,-9999.0
437,-9999.0
438,-9999.0
439,-9999.0
440,-9999.0
441,-9999.0
442,-9999.0
443,-9999.0
444,-9999.0
445,-9999.0
446,-9999.0
447,-9999.0
448,-9999.0
449,-9999.0
450,-9999.0
451,-9999.0
452,-9999.0
453,-9999.0
454,-9999.0
455,-9999.0
456,-9999.0
457,-9999.0
458,-9999.0
459,-9999.0
460,-9999.0
461,-9999.0
462,-9999.0
463,-9999.0
464,-9999.0
465,-9999.0
466,-9999.0
467,-9999.0
468,-9999.0
469,-9999.0
470,-9999.0
471,-9999.0
472,-9999.0
473,-9999.0
474,-9999.0
475,-9999.0
476,-9999.0
477,-9999.0
478,-9999.0
479,-9999.0
480,-9999.0
481,-9999.0
482,-9999.0
483,-9999.0
484,-9999.0
485,20.032328
486,20.032328
487,20.032328
488,20.032328
489,20.032328
490,20.032328
491,20.032328
492,20.032328
493,20.032328
494,25.75348
495,25.75348
496,25.75348
497,25.75348
498,25.75348
499,-9999.0
500,-9999.0
501,-9999.0
502,-9999.0
503,-9999.0
504,-9999.0
505,-9999.0
506,-9999.0
507,-9999.0
508,-9999.0
509,-9999.0
510,-9999.0
511,-9999.0
512,-9999.0
513,-9999.0
514,-9999.0
515,-9999.0
516,-9999.0
517,-9999.0
518,-9999.0
519,-9999.0
520,-9999.0
521,-9999.0
522,-9999.0
523,-9999.0
524,-9999.0
525,-9999.0
526,-9999.0
527,-9999.0
528,-9999.0
529,-9999.0
530,-9999.0
531,-9999.0
532,-9999.0
533,-9999.0
534,-9999.0
535,-9999.0
536,-9999.0
537,-9999.0
538,-9999.0
539,-9999.0
540,-9999.0
541,-9999.0
542,-9999.0
543,-9999.0
544,-9999.0
545,-9999.0
546,-9999.0
547,-9999.0
548,-9999.0
549,-9999.0
550,-9999.0
551,-9999.0
552,-9999.0
553,-9999.0
554,-9999.0
555,-9999.0
556,-9999.0
557,-9999.0
558,20.032328
559,20.032328
560,20.032328
561,20.032328
562,20.032328
563,20.032328
564,20.032328
565,20.032328
566,20.032328
567,25.75348
568,25.75348
569,25.75348
570,25.75348
571,25.75348
572,-9999.0
573,25.75348
574,-9999.0
575,-9999.0
576,-9999.0
577,-9999.0
578,-9999.0
579,-9999.0
580,-9999.0
581,-9999.0
582,-9999.0
583,-9999.0
584,-9999.0
585,-9999.0
586,-9999.0
587,-9999.0
588,-9999.0
589,-9999.0
590,-9999.0
591,-9999.0
592,-9999.0
593,25.75348
594,25.75348
595,25.75348
596,-9999.0
597,-9999.0
598,-9999.0
599,-9999.0
600,-9999.0
601,-9999.0
602,-9999.0
603,-9999.0
604,-9999.0
605,-9999.0
606,-9999.0
607,-9999.0
608,-9999.0
609,-9999.0
610,-9999.0
611,-9999.0
612,-9999.0
613,-9999.0
614,-9999.0
615,-9999.0
616,-9999.0
617,-9999.0
618,-9999.0
619,-9999.0
620,-9999.0
621,-9999.0
622,-9999.0
623,-9999.0
624,-9999.0
625,-9999.0
626,-9999.0
627,-9999.0
628,-9999.0
629,-9999.0
630,20.032328
631,20.032328
632,20.032328
633,20.032328
634,20.032328
635,20.032328
636,20.032328
637,20.032328
638,20.032328
639,20.032328
640,25.75348
641,25.75348
642,25.75348
643,25.75348
644,25.75348
645,25.75348
646,25.75348
647,-9999.0
648,-9999.0
649,-9999.0
650,-9999.0
651,-9999.0
652,-9999.0
653,-9999.0
654,-9999.0
655,-9999.0
656,-9999.0
657,-9999.0
658,-9999.0
659,-9999.0
660,-9999.0
661,-9999.0
662,-9999.0
663,-9999.0
664,25.75348
665,25.75348
666,25.75348
667,25.75348
668,25.75348
669,25.75348
670,-9999.0
671,-9999.0
672,-9999.0
673,-9999.0
674,-9999.0
675,-9999.0
676,-9999.0
677,-9999.0
678,-9999.0
679,-9999.0
680,-9999.0
681,-9999.0
682,-9999.0
683,-9999.0
684,-9999.0
685,-9999.0
686,-9999.0
687,-9999.0
688,-9999.0
689,-9999.0
690,-9999.0
691,-9999.0
692,-9999.0
693,-9999.0
694,-9999.0
695,-9999.0
696,-9999.0
697,-9999.0
698,-9999.0
699,-9999.0
700,-9999.0
701,-9999.0
702,21.67057
703,20.032328
704,20.032328
705,20.032328
706,20.032328
707,20.032328
708,20.032328
709,20.032328
710,20.032328
711,20.032328
712,20.032328
713,25.75348
714,25.75348
715,25.75348
716,25.75348
717,25.75348
718,25.75348
719,25.75348
720,-9999.0
721,-9999.0
722,-9999.0
723,-9999.0
724,-9999.0
725,-9999.0
726,-9999.0
727,-9999.0
728,-9999.0
729,-9999.0
730,-9999.0
731,-9999.0
732,-9999.0
733,-9999.0
734,-9999.0
735,-9999.0
736,-9999.0
737,25.75348
738,25.75348
739,25.75348
740,25.75348
741,25.75348
742,25.75348
743,25.75348
744,-9999.0
745,-9999.0
746,-9999.0
747,-9999.0
748,-9999.0
749,-9999.0
750,-9999.0
751,-9999.0
752,-9999.0
753,-9999.0
754,-9999.0
755,-9999.0
756,-9999.0
757,-9999.0
758,-9999.0
759,-9999.0
760,-9999.0
761,-9999.0
762,-9999.0
763,-9999.0
764,-9999.0
765,-9999.0
766,-9999.0
767,-9999.0
768,-9999.0
769,-9999.0
770,-9999.0
771,-9999.0
772,-9999.0
773,-9999.0
774,21.67057
775,21.67057
776,20.032328
777,20.032328
778,20.032328
779,20.032328
780,20.032328
781,20.032328
782,20.032328
783,20.032328
784,20.032328
785,20.032328
786,25.75348
787,25.75348
788,25.75348
789,25.75348
790,25.75348
791,25.75348
792,25.75348
793,-9999.0
794,-9999.0
795,-9999.0
796,-9999.0
797,-9999.0
798,-9999.0
799,-9999.0
800,-9999.0
801,-9999.0
802,-9999.0
803,-9999.0
804,-9999.0
805,-9999.0
806,-9999.0
807,-9999.0
808,-9999.0
809,-9999.0
810,25.75348
811,25.75348
812,25.75348
813,25.75348
814,25.75348
815,25.75348
816,25.75348
817,25.75348
818,-9999.0
819,-9999.0
820,-9999.0
821,-9999.0
822,-9999.0
823,-9999.0
824,-9999.0
825,-9999.0
826,-9999.0
827,-9999.0
828,-9999.0
829,-9999.0
830,-9999.0
831,-9999.0
832,-9999.0
833,-9999.0
834,-9999.0
835,-9999.0
836,-9999.0
837,-9999.0
838,-9999.0
839,-9999.0
840,-9999.0
841,-9999.0
842,-9999.0
843,-9999.0
844,-9999.0
845,-9999.0
846,25.75348
847,25.75348
848,25.75348
849,25.75348
850,25.75348
851,25.75348
852,25.75348
853,25.75348
854,20.032328
855,20.032328
856,20.032328
857,20.032328
858,20.032328
859,25.75348
860,25.75348
861,25.75348
862,25.75348
863,25.75348
864,25.75348
865,25.75348
866,25.75348
867,-9999.0
868,-9999.0
869,-9999.0
870,-9999.0
871,-9999.0
872,-9999.0
873,-9999.0
874,-9999.0
875,-9999.0
876,-9999.0
877,-9999.0
878,-9999.0
879,-9999.0
880,-9999.0
881,-9999.0
882,25.75348
883,25.75348
884,25.75348
885,25.75348
886,25.75348
887,25.75348
888,25.75348
889,25.75348
890,25.75348
891,25.75348
892,-9999.0
893,-9999.0
894,-9999.0
895,-9999.0
896,-9999.0
897,-9999.0
898,-9999.0
899,-9999.0
900,-9999.0
901,-9999.0
902,-9999.0
903,-9999.0
904,-9999.0
905,-9999.0
906,-9999.0
907,-9999.0
908,-9999.0
909,-9999.0
910,-9999.0
911,-9999.0
912,-9999.0
913,-9999.0
914,-9999.0
915,-9999.0
916,-9999.0
917,-9999.0
918,-9999.0
919,25.75348
920,25.75348
921,25.75348
922,25.75348
923,25.75348
924,25.75348
925,25.75348
926,25.75348
927,20.032328
928,20.032328
929,20.032328
930,20.032328
931,20.032328
932,25.75348
933,25.75348
934,25.75348
935,25.75348
936,25.75348
937,25.75348
938,25.75348
939,25.75348
940,-9999.0
941,-9999.0
942,-9999.0
943,-9999.0
944,-9999.0
945,-9999.0
946,-9999.0
947,-9999.0
948,-9999.0
949,-9999.0
950,-9999.0
951,-9999.0
952,-9999.0
953,-9999.0
954,-9999.0
955,25.75348
956,25.75348
957,25.75348
958,25.75348
959,25.75348
960,25.75348
961,25.75348
962,25.75348
963,25.75348
964,25.75348
965,-9999.0
966,-9999.0
967,-9999.0
968,-9999.0
969,-9999.0
970,-9999.0
971,-9999.0
972,-9999.0
973,-9999.0
974,-9999.0
975,-9999.0
976,-9999.0
977,-9999.0
978,-9999.0
979,-9999.0
980,-9999.0
981,-9999.0
982,-9999.0
983,-9999.0
984,-9999.0
985,-9999.0
986,-9999.0
987,-9999.0
988,-9999.0
989,-9999.0
990,-9999.0
991,-9999.0
992,-9999.0
993,25.75348
994,25.75348
995,25.75348
996,25.75348
997,25.75348
998,25.75348
999,25.75348
1000,25.75348
1001,25.75348
1002,25.75348
1003,25.75348
1004,25.75348
1005,25.75348
1006,25.75348
1007,25.75348
1008,25.75348
1009,25.75348
1010,25.75348
1011,25.75348
1012,25.75348
1013,-9999.0
1014,-9999.0
1015,-9999.0
1016,-9999.0
1017,-9999.0
1018,-9999.0
1019,-9999.0
1020,-9999.0
1021,-9999.0
1022,-9999.0
1023,-9999.0
1024,-9999.0
1025,-9999.0
1026,-9999.0
1027,-9999.0
1028,25.75348
1029,25.75348
1030,25.75348
1031,25.75348
1032,25.75348
1033,25.75348
1034,25.75348
1035,25.75348
1036,25.75348
1037,25.75348
1038,-9999.0
1039,-9999.0
1040,-9999.0
1041,-9999.0
1042,-9999.0
1043,-9999.0
1044,-9999.0
1045,-9999.0
1046,-9999.0
1047,-9999.0
1048,-9999.0
1049,-9999.0
1050,-9999.0
1051,-9999.0
1052,-9999.0
1053,-9999.0
1054,-9999.0
1055,-9999.0
1056,-9999.0
1057,-9999.0
1058,25.75348
1059,25.75348
1060,25.75348
1061,25.75348
1062,-9999.0
1063,-9999.0
1064,-9999.0
1065,-9999.0
1066,25.75348
1067,25.75348
1068,25.75348
1069,25.75348
1070,25.75348
1071,25.75348
1072,25.75348
1073,25.75348
1074,25.75348
1075,25.75348
1076,25.75348
1077,25.75348
1078,25.75348
1079,25.75348
1080,25.75348
1081,25.75348
1082,25.75348
1083,25.75348
1084,25.75348
1085,-9999.0
1086,-9999.0
1087,-9999.0
1088,-9999.0
1089,-9999.0
1090,-9999.0
1091,-9999.0
1092,-9999.0
1093,-9999.0
1094,-9999.0
1095,-9999.0
1096,-9999.0
1097,-9999.0
1098,-9999.0
1099,-9999.0
1100,-9999.0
1101,20.032328
1102,20.032328
1103,25.75348
1104,25.75348
1105,25.75348
1106,25.75348
1107,25.75348
1108,25.75348
1109,25.75348
1110,25.75348
1111,25.75348
1112,-9999.0
1113,-9999.0
1114,-9999.0
1115,-9999.0
1116,-9999.0
1117,-9999.0
1118,-9999.0
1119,-9999.0
1120,-9999.0
1121,-9999.0
1122,-9999.0
1123,-9999.0
1124,-9999.0
1125,-9999.0
1126,-9999.0
1127,-9999.0
1128,-9999.0
1129,-9999.0
1130,-9999.0
1131,-9999.0
1132,25.75348
1133,25.75348
1134,25.75348
1135,-9999.0
1136,-9999.0
1137,-9999.0
1138,25.75348
1139,25.75348
1140,25.75348
1141,25.75348
1142,25.75348
1143,25.75348
1144,25.75348
1145,25.75348
1146,25.75348
1147,25.75348
1148,25.75348
1149,25.75348
1150,25.75348
1151,25.75348
1152,25.75348
1153,25.75348
1154,25.75348
1155,25.75348
1156,-9999.0
1157,-9999.0
1158,-9999.0
1159,-9999.0
1160,-9999.0
1161,-9999.0
1162,-9999.0
1163,-9999.0
1164,-9999.0
1165,-9999.0
1166,-9999.0
1167,-9999.0
1168,-9999.0
1169,-9999.0
1170,-9999.0
1171,-9999.0
1172,25.75348
1173,25.75348
1174,20.032328
1175,20.032328
1176,25.75348
1177,25.75348
1178,25.75348
1179,25.75348
1180,25.75348
1181,25.75348
1182,25.75348
1183,25.75348
1184,25.75348
1185,-9999.0
1186,-9999.0
1187,-9999.0
1188,-9999.0
1189,-9999.0
1190,-9999.0
1191,-9999.0
1192,-9999.0
1193,-9999.0
1194,-9999.0
1195,-9999.0
1196,-9999.0
1197,-9999.0
1198,-9999.0
1199,-9999.0
1200,-9999.0
1201,-9999.0
1202,-9999.0
1203,25.75348
1204,25.75348
1205,25.75348
1206,25.75348
1207,25.75348
1208,25.75348
1209,25.75348
1210,25.75348
1211,25.75348
1212,25.75348
1213,25.75348
1214,25.75348
1215,25.75348
1216,25.75348
1217,25.75348
1218,25.75348
1219,25.75348
1220,25.75348
1221,25.75348
1222,25.75348
1223,25.75348
1224,25.75348
1225,25.75348
1226,25.75348
1227,25.75348
1228,25.75348
1229,25.75348
1230,25.75348
1231,-9999.0
1232,-9999.0
1233,-9999.0
1234,-9999.0
1235,-9999.0
1236,-9999.0
1237,-9999.0
1238,-9999.0
1239,-9999.0
1240,-9999.0
1241,-9999.0
1242,-9999.0
1243,-9999.0
1244,-9999.0
1245,25.75348
1246,25.75348
1247,20.032328
1248,20.032328
1249,25.75348
1250,25.75348
1251,25.75348
1252,25.75348
1253,25.75348
1254,25.75348
1255,25.75348
1256,25.75348
1257,25.75348
1258,25.75348
1259,-9999.0
1260,-9999.0
1261,-9999.0
1262,-9999.0
1263,-9999.0
1264,-9999.0
1265,-9999.0
1266,-9999.0
1267,-9999.0
1268,-9999.0
1269,-9999.0
1270,-9999.0
1271,-9999.0
1272,-9999.0
1273,-9999.0
1274,25.75348
1275,25.75348
1276,25.75348
1277,25.75348
1278,25.75348
1279,25.75348
1280,25.75348
1281,25.75348
1282,25.75348
1283,25.75348
1284,25.75348
1285,25.75348
1286,25.75348
1287,25.75348
1288,25.75348
1289,25.75348
1290,25.75348
1291,25.75348
1292,25.75348
1293,25.75348
1294,25.75348
1295,25.75348
1296,25.75348
1297,25.75348
1298,25.75348
1299,25.75348
1300,25.75348
1301,25.75348
1302,25.75348
1303,-9999.0
1304,-9999.0
1305,-9999.0
1306,-9999.0
1307,-9999.0
1308,-9999.0
1309,-9999.0
1310,-9999.0
1311,-9999.0
1312,-9999.0
1313,-9999.0
1314,-9999.0
1315,-9999.0
1316,25.75348
1317,21.67057
1318,21.67057
1319,21.67057
1320,20.032328
1321,20.032328
1322,25.75348
1323,25.75348
1324,25.75348
1325,25.75348
1326,25.75348
1327,25.75348
1328,25.75348
1329,25.75348
1330,25.75348
1331,25.75348
1332,-9999.0
1333,-9999.0
1334,-9999.0
1335,-9999.0
1336,-9999.0
1337,-9999.0
1338,-9999.0
1339,-9999.0
1340,-9999.0
1341,-9999.0
1342,-9999.0
1343,-9999.0
1344,-9999.0
1345,-9999.0
1346,-9999.0
1347,25.75348
1348,25.75348
1349,25.75348
1350,25.75348
1351,25.75348
1352,25.75348
1353,25.75348
1354,25.75348
1355,25.75348
1356,25.75348
1357,25.75348
1358,25.75348
1359,25.75348
1360,25.75348
1361,25.75348
1362,25.75348
1363,25.75348
1364,25.75348
1365,25.75348
1366,25.75348
1367,25.75348
1368,25.75348
1369,25.75348
1370,25.75348
1371,25.75348
1372,25.75348
1373,25.75348
1374,25.75348
1375,25.75348
1376,-9999.0
1377,-9999.0
1378,-9999.0
1379,-9999.0
1380,-9999.0
1381,-9999.0
1382,-9999.0
1383,-9999.0
1384,-9999.0
1385,-9999.0
1386,-9999.0
1387,-9999.0
1388,25.75348
1389,25.75348
1390,21.67057
1391,21.67057
1392,21.67057
1393,20.032328
1394,20.032328
1395,25.75348
1396,25.75348
1397,25.75348
1398,25.75348
1399,25.75348
1400,25.75348
1401,25.75348
1402,25.75348
1403,25.75348
1404,25.75348
1405,-9999.0
1406,-9999.0
1407,-9999.0
1408,-9999.0
1409,-9999.0
1410,-9999.0
1411,-9999.0
1412,-9999.0
1413,-9999.0
1414,-9999.0
1415,-9999.0
1416,-9999.0
1417,-9999.0
1418,-9999.0
1419,-9999.0
1420,-9999.0
1421,25.75348
1422,25.75348
1423,25.75348
1424,25.75348
1425,25.75348
1426,25.75348
1427,25.75348
1428,25.75348
1429,25.75348
1430,25.75348
1431,25.75348
1432,25.75348
1433,25.75348
1434,25.75348
1435,25.75348
1436,25.75348
1437,25.75348
1438,25.75348
1439,25.75348
1440,25.75348
1441,25.75348
1442,25.75348
1443,25.75348
1444,25.75348
1445,25.75348
1446,25.75348
1447,25.75348
1448,25.75348
1449,25.75348
1450,-9999.0
1451,-9999.0
1452,-9999.0
1453,-9999.0
1454,-9999.0
1455,-9999.0
1456,-9999.0
1457,-9999.0
1458,-9999.0
1459,-9999.0
1460,25.75348
1461,25.75348
1462,25.75348
1463,20.032328
1464,20.032328
1465,20.032328
1466,20.032328
1467,20.032328
1468,20.032328
1469,20.032328
1470,25.75348
1471,25.75348
1472,25.75348
1473,25.75348
1474,25.75348
1475,25.75348
1476,25.75348
1477,25.75348
1478,-9999.0
1479,-9999.0
1480,-9999.0
1481,-9999.0
1482,-9999.0
1483,-9999.0
1484,-9999.0
1485,-9999.0
1486,-9999.0
1487,-9999.0
1488,-9999.0
1489,-9999.0
1490,-9999.0
1491,-9999.0
1492,25.75348
1493,25.75348
1494,25.75348
1495,25.75348
1496,25.75348
1497,25.75348
1498,25.75348
1499,25.75348
1500,25.75348
1501,25.75348
1502,25.75348
1503,25.75348
1504,25.75348
1505,25.75348
1506,25.75348
1507,25.75348
1508,25.75348
1509,25.75348
1510,25.75348
1511,25.75348
1512,25.75348
1513,25.75348
1514,25.75348
1515,25.75348
1516,25.75348
1517,25.75348
1518,25.75348
1519,25.75348
1520,25.75348
1521,25.75348
1522,25.75348
1523,-9999.0
1524,-9999.0
1525,-9999.0
1526,-9999.0
1527,-9999.0
1528,-9999.0
1529,-9999.0
1530,-9999.0
1531,-9999.0
1532,-9999.0
1533,25.75348
1534,25.75348
1535,25.75348
1536,20.032328
1537,20.032328
1538,20.032328
1539,20.032328
1540,20.032328
1541,20.032328
1542,20.032328
1543,20.032328
1544,13.329445
1545,13.329445
1546,13.329445
1547,25.75348
1548,25.75348
1549,25.75348
1550,25.75348
1551,25.75348
1552,-9999.0
1553,-9999.0
1554,-9999.0
1555,-9999.0
1556,-9999.0
1557,-9999.0
1558,-9999.0
1559,-9999.0
1560,-9999.0
1561,-9999.0
1562,25.75348
1563,25.75348
1564,25.75348
1565,25.75348
1566,25.75348
1567,25.75348
1568,25.75348
1569,25.75348
1570,25.75348
1571,25.75348
1572,25.75348
1573,25.75348
1574,25.75348
1575,25.75348
1576,25.75348
1577,25.75348
1578,25.75348
1579,25.75348
1580,25.75348
1581,25.75348
1582,25.75348
1583,25.75348
1584,25.75348
1585,25.75348
1586,25.75348
1587,25.75348
1588,25.75348
1589,25.75348
1590,25.75348
1591,25.75348
1592,25.75348
1593,25.75348
1594,25.75348
1595,25.75348
1596,-9999.0
1597,-9999.0
1598,-9999.0
1599,-9999.0
1600,-9999.0
1601,-9999.0
1602,-9999.0
1603,-9999.0
1604,-9999.0
1605,-9999.0
1606,25.75348
1607,25.75348
1608,25.75348
1609,20.032328
1610,20.032328
1611,20.032328
1612,20.032328
1613,20.032328
1614,20.032328
1615,20.032328
1616,20.032328
1617,13.329445
1618,13.329445
1619,13.329445
1620,25.75348
1621,25.75348
1622,25.75348
1623,25.75348
1624,25.75348
1625,25.75348
1626,25.75348
1627,25.75348
1628,25.75348
1629,-9999.0
1630,-9999.0
1631,25.75348
1632,25.75348
1633,25.75348
1634,25.75348
1635,25.75348
1636,25.75348
1637,25.75348
1638,25.75348
1639,25.75348
1640,25.75348
1641,25.75348
1642,25.75348
1643,25.75348
1644,25.75348
1645,25.75348
1646,25.75348
1647,25.75348
1648,25.75348
1649,25.75348
1650,25.75348
1651,25.75348
1652,25.75348
1653,25.75348
1654,25.75348
1655,25.75348
1656,25.75348
1657,25.75348
1658,25.75348
1659,25.75348
1660,25.75348
1661,25.75348
1662,25.75348
1663,25.75348
1664,25.75348
1665,25.75348
1666,25.75348
1667,25.75348
1668,25.75348
1669,-9999.0
1670,-9999.0
1671,-9999.0
1672,-9999.0
1673,-9999.0
1674,-9999.0
1675,-9999.0
1676,-9999.0
1677,-9999.0
1678,-9999.0
1679,-9999.0
1680,20.032328
1681,20.032328
1682,20.032328
1683,20.032328
1684,20.032328
1685,20.032328
1686,20.032328
1687,20.032328
1688,20.032328
1689,20.032328
1690,20.032328
1691,20.032328
1692,20.032328
1693,13.329445
1694,13.329445
1695,13.329445
1696,13.329445
1697,13.329445
1698,25.75348
1699,25.75348
1700,25.75348
1701,25.75348
1702,25.75348
1703,25.75348
1704,25.75348
1705,25.75348
1706,25.75348
1707,25.75348
1708,25.75348
1709,25.75348
1710,13.329445
1711,13.329445
1712,25.75348
1713,25.75348
1714,25.75348
1715,25.75348
1716,25.75348
1717,25.75348
1718,25.75348
1719,25.75348
1720,25.75348
1721,25.75348
1722,25.75348
1723,21.67057
1724,21.67057
1725,25.75348
1726,25.75348
1727,25.75348
1728,25.75348
1729,25.75348
1730,25.75348
1731,25.75348
1732,25.75348
1733,25.75348
1734,25.75348
1735,21.67057
1736,21.67057
1737,25.75348
1738,25.75348
1739,25.75348
1740,25.75348
1741,25.75348
1742,25.75348
1743,-9999.0
1744,-9999.0
1745,-9999.0
1746,-9999.0
1747,-9999.0
1748,-9999.0
1749,-9999.0
1750,-9999.0
1751,-9999.0
1752,-9999.0
1753,-9999.0
1754,20.032328
1755,20.032328
1756,20.032328
1757,20.032328
1758,20.032328
1759,20.032328
1760,20.032328
1761,20.032328
1762,20.032328
1763,20.032328
1764,20.032328
1765,20.032328
1766,21.67057
1767,21.67057
1768,21.67057
1769,21.67057
1770,21.67057
1771,25.75348
1772,25.75348
1773,25.75348
1774,25.75348
1775,25.75348
1776,25.75348
1777,25.75348
1778,25.75348
1779,25.75348
1780,25.75348
1781,25.75348
1782,25.75348
1783,21.67057
1784,21.67057
1785,25.75348
1786,25.75348
1787,25.75348
1788,25.75348
1789,25.75348
1790,25.75348
1791,25.75348
1792,25.75348
1793,25.75348
1794,25.75348
1795,25.75348
1796,21.67057
1797,21.67057
1798,25.75348
1799,25.75348
1800,25.75348
1801,25.75348
1802,25.75348
1803,25.75348
1804,25.75348
1805,25.75348
1806,25.75348
1807,25.75348
1808,21.67057
1809,21.67057
1810,25.75348
1811,25.75348
1812,25.75348
1813,25.75348
1814,25.75348
1815,25.75348
1816,-9999.0
1817,-9999.0
1818,-9999.0
1819,-9999.0
1820,-9999.0
1821,-9999.0
1822,-9999.0
1823,-9999.0
1824,-9999.0
1825,-9999.0
1826,-9999.0
1827,21.67057
1828,20.032328
1829,20.032328
1830,20.032328
1831,20.032328
1832,20.032328
1833,20.032328
1834,20.032328
1835,20.032328
1836,20.032328
1837,20.032328
1838,20.032328
1839,20.032328
1840,20.032328
1841,21.67057
1842,21.67057
1843,21.67057
1844,21.67057
1845,21.67057
1846,25.75348
1847,25.75348
1848,25.75348
1849,25.75348
1850,25.75348
1851,25.75348
1852,25.75348
1853,25.75348
1854,25.75348
1855,25.75348
1856,25.75348
1857,25.75348
1858,25.75348
1859,25.75348
1860,25.75348
1861,21.67057
1862,21.67057
1863,21.67057
1864,25.75348
1865,25.75348
1866,25.75348
1867,25.75348
1868,25.75348
1869,25.75348
1870,25.75348
1871,21.67057
1872,21.67057
1873,21.67057
1874,21.67057
1875,21.67057
1876,21.67057
1877,21.67057
1878,21.67057
1879,21.67057
1880,21.67057
1881,25.75348
1882,25.75348
1883,25.75348
1884,25.75348
1885,25.75348
1886,13.329445
1887,-9999.0
1888,-9999.0
1889,-9999.0
1890,-9999.0
1891,-9999.0
1892,-9999.0
1893,-9999.0
1894,-9999.0
1895,-9999.0
1896,-9999.0
1897,-9999.0
1898,-9999.0
1899,-9999.0
1900,-9999.0
1901,20.032328
1902,20.032328
1903,20.032328
1904,20.032328
1905,20.032328
1906,20.032328
1907,20.032328
1908,20.032328
1909,20.032328
1910,20.032328
1911,20.032328
1912,20.032328
1913,20.032328
1914,21.67057
1915,21.67057
1916,21.67057
1917,21.67057
1918,21.67057
1919,25.75348
1920,25.75348
1921,25.75348
1922,25.75348
1923,25.75348
1924,25.75348
1925,25.75348
1926,25.75348
1927,25.75348
1928,25.75348
1929,25.75348
1930,25.75348
1931,25.75348
1932,25.75348
1933,25.75348
1934,13.329445
1935,13.329445
1936,13.329445
1937,25.75348
1938,25.75348
1939,25.75348
1940,25.75348
1941,25.75348
1942,25.75348
1943,25.75348
1944,13.329445
1945,13.329445
1946,13.329445
1947,13.329445
1948,13.329445
1949,13.329445
1950,13.329445
1951,13.329445
1952,13.329445
1953,13.329445
1954,25.75348
1955,25.75348
1956,25.75348
1957,25.75348
1958,25.75348
1959,13.329445
1960,13.329445
1961,-9999.0
1962,-9999.0
1963,-9999.0
1964,-9999.0
1965,-9999.0
1966,-9999.0
1967,-9999.0
1968,-9999.0
1969,-9999.0
1970,-9999.0
1971,-9999.0
1972,-9999.0
1973,-9999.0
1974,20.032328
1975,20.032328
1976,20.032328
1977,20.032328
1978,20.032328
1979,20.032328
1980,20.032328
1981,20.032328
1982,20.032328
1983,20.032328
1984,20.032328
1985,20.032328
1986,20.032328
1987,21.67057
1988,21.67057
1989,21.67057
1990,21.67057
1991,21.67057
1992,25.75348
1993,25.75348
1994,25.75348
1995,25.75348
1996,25.75348
1997,25.75348
1998,25.75348
1999,25.75348
2000,25.75348
2001,25.75348
2002,25.75348
2003,25.75348
2004,25.75348
2005,25.75348
2006,25.75348
2007,13.329445
2008,13.329445
2009,13.329445
2010,25.75348
2011,25.75348
2012,25.75348
2013,25.75348
2014,25.75348
2015,25.75348
2016,25.75348
2017,13.329445
2018,13.329445
2019,13.329445
2020,13.329445
2021,13.329445
2022,13.329445
2023,13.329445
2024,13.329445
2025,13.329445
2026,13.329445
2027,25.75348
2028,25.75348
2029,25.75348
2030,25.75348
2031,25.75348
2032,13.329445
2033,13.329445
2034,13.329445
2035,-9999.0
2036,-9999.0
2037,-9999.0
2038,-9999.0
2039,-9999.0
2040,-9999.0
2041,-9999.0
2042,-9999.0
2043,-9999.0
2044,-9999.0
2045,-9999.0
2046,-9999.0
2047,20.032328
2048,20.032328
2049,20.032328
2050,20.032328
2051,20.032328
2052,20.032328
2053,20.032328
2054,20.032328
2055,20.032328
2056,20.032328
2057,20.032328
2058,20.032328
2059,20.032328
2060,20.032328
2061,20.032328
2062,20.032328
2063,25.75348
2064,25.75348
2065,25.75348
2066,25.75348
2067,25.75348
2068,25.75348
2069,25.75348
2070,25.75348
2071,25.75348
2072,25.75348
2073,25.75348
2074,25.75348
2075,25.75348
2076,25.75348
2077,25.75348
2078,25.75348
2079,25.75348
2080,25.75348
2081,25.75348
2082,25.75348
2083,25.75348
2084,25.75348
2085,25.75348
2086,25.75348
2087,25.75348
2088,25.75348
2089,25.75348
2090,25.75348
2091,25.75348
2092,25.75348
2093,25.75348
2094,25.75348
2095,13.329445
2096,13.329445
2097,25.75348
2098,25.75348
2099,25.75348
2100,13.329445
2101,13.329445
2102,13.329445
2103,13.329445
2104,13.329445
2105,13.329445
2106,13.329445
2107,13.329445
2108,25.75348
2109,-9999.0
2110,-9999.0
2111,-9999.0
2112,-9999.0
2113,-9999.0
2114,-9999.0
2115,-9999.0
2116,-9999.0
2117,-9999.0
2118,-9999.0
2119,20.032328
2120,20.032328
2121,20.032328
2122,20.032328
2123,20.032328
2124,20.032328
2125,20.032328
2126,20.032328
2127,20.032328
2128,20.032328
2129,20.032328
2130,20.032328
2131,20.032328
2132,20.032328
2133,20.032328
2134,20.032328
2135,20.032328
2136,25.75348
2137,25.75348
2138,25.75348
2139,25.75348
2140,25.75348
2141,25.75348
2142,25.75348
2143,25.75348
2144,25.75348
2145,25.75348
2146,25.75348
2147,25.75348
2148,25.75348
2149,25.75348
2150,25.75348
2151,25.75348
2152,25.75348
2153,25.75348
2154,25.75348
2155,25.75348
2156,25.75348
2157,25.75348
2158,25.75348
2159,25.75348
2160,25.75348
2161,25.75348
2162,25.75348
2163,25.75348
2164,25.75348
2165,25.75348
2166,25.75348
2167,25.75348
2168,13.329445
2169,13.329445
2170,25.75348
2171,25.75348
2172,25.75348
2173,13.329445
2174,13.329445
2175,13.329445
2176,13.329445
2177,13.329445
2178,13.329445
2179,13.329445
2180,13.329445
2181,25.75348
2182,25.75348
2183,25.75348
2184,-9999.0
2185,-9999.0
2186,-9999.0
2187,-9999.0
2188,-9999.0
2189,-9999.0
2190,-9999.0
2191,20.032328
2192,20.032328
2193,20.032328
2194,20.032328
2195,20.032328
2196,20.032328
2197,20.032328
2198,20.032328
2199,20.032328
2200,20.032328
2201,20.032328
2202,20.032328
2203,20.032328
2204,20.032328
2205,20.032328
2206,20.032328
2207,20.032328
2208,20.032328
2209,20.032328
2210,20.032328
2211,21.67057
2212,21.67057
2213,25.75348
2214,25.75348
2215,25.75348
2216,25.75348
2217,25.75348
2218,25.75348
2219,25.75348
2220,25.75348
2221,25.75348
2222,25.75348
2223,25.75348
2224,25.75348
2225,25.75348
2226,25.75348
2227,25.75348
2228,25.75348
2229,25.75348
2230,25.75348
2231,25.75348
2232,25.75348
2233,25.75348
2234,25.75348
2235,25.75348
2236,25.75348
2237,25.75348
2238,25.75348
2239,13.329445
2240,13.329445
2241,13.329445
2242,13.329445
2243,25.75348
2244,25.75348
2245,25.75348
2246,13.329445
2247,13.329445
2248,13.329445
2249,13.329445
2250,13.329445
2251,13.329445
2252,13.329445
2253,13.329445
2254,25.75348
2255,25.75348
2256,25.75348
2257,25.75348
2258,-9999.0
2259,-9999.0
2260,-9999.0
2261,-9999.0
2262,-9999.0
2263,-9999.0
2264,20.032328
2265,20.032328
2266,20.032328
2267,20.032328
2268,20.032328
2269,20.032328
2270,20.032328
2271,20.032328
2272,20.032328
2273,20.032328
2274,20.032328
2275,20.032328
2276,20.032328
2277,20.032328
2278,20.032328
2279,20.032328
2280,20.032328
2281,20.032328
2282,20.032328
2283,20.032328
2284,21.67057
2285,21.67057
2286,25.75348
2287,25.75348
2288,25.75348
2289,25.75348
2290,25.75348
2291,25.75348
2292,25.75348
2293,25.75348
2294,25.75348
2295,25.75348
2296,25.75348
2297,25.75348
2298,25.75348
2299,25.75348
2300,25.75348
2301,25.75348
2302,25.75348
2303,25.75348
2304,25.75348
2305,25.75348
2306,25.75348
2307,25.75348
2308,25.75348
2309,25.75348
2310,25.75348
2311,13.329445
2312,13.329445
2313,13.329445
2314,13.329445
2315,13.329445
2316,13.329445
2317,13.329445
2318,13.329445
2319,25.75348
2320,25.75348
2321,20.032328
2322,20.032328
2323,20.032328
2324,13.329445
2325,13.329445
2326,13.329445
2327,13.329445
2328,13.329445
2329,13.329445
2330,13.329445
2331,13.329445
2332,13.329445
2333,13.329445
2334,13.329445
2335,-9999.0
2336,20.032328
2337,20.032328
2338,20.032328
2339,20.032328
2340,20.032328
2341,20.032328
2342,20.032328
2343,20.032328
2344,20.032328
2345,20.032328
2346,20.032328
2347,20.032328
2348,20.032328
2349,20.032328
2350,20.032328
2351,20.032328
2352,20.032328
2353,20.032328
2354,20.032328
2355,20.032328
2356,20.032328
2357,21.67057
2358,21.67057
2359,25.75348
2360,25.75348
2361,25.75348
2362,25.75348
2363,25.75348
2364,25.75348
2365,25.75348
2366,25.75348
2367,25.75348
2368,25.75348
2369,25.75348
2370,25.75348
2371,25.75348
2372,25.75348
2373,25.75348
2374,25.75348
2375,25.75348
2376,25.75348
2377,25.75348
2378,25.75348
2379,25.75348
2380,25.75348
2381,25.75348
2382,25.75348
2383,25.75348
2384,13.329445
2385,13.329445
2386,13.329445
2387,13.329445
2388,13.329445
2389,13.329445
2390,13.329445
2391,13.329445
2392,25.75348
2393,25.75348
2394,20.032328
2395,20.032328
2396,20.032328
2397,13.329445
2398,13.329445
2399,13.329445
2400,13.329445
2401,13.329445
2402,13.329445
2403,13.329445
2404,13.329445
2405,13.329445
2406,13.329445
2407,13.329445
2408,-9999.0
2409,20.032328
2410,20.032328
2411,20.032328
2412,20.032328
2413,20.032328
2414,20.032328
2415,20.032328
2416,20.032328
2417,20.032328
2418,20.032328
2419,20.032328
2420,20.032328
2421,20.032328
2422,20.032328
2423,20.032328
2424,20.032328
2425,20.032328
2426,20.032328
2427,20.032328
2428,20.032328
2429,20.032328
2430,21.67057
2431,21.67057
2432,21.67057
2433,21.67057
2434,21.67057
2435,21.67057
2436,21.67057
2437,25.75348
2438,25.75348
2439,25.75348
2440,25.75348
2441,25.75348
2442,25.75348
2443,25.75348
2444,25.75348
2445,25.75348
2446,25.75348
2447,25.75348
2448,25.75348
2449,25.75348
2450,25.75348
2451,25.75348
2452,25.75348
2453,25.75348
2454,25.75348
2455,13.329445
2456,13.329445
2457,20.032328
2458,20.032328
2459,20.032328
2460,20.032328
2461,20.032328
2462,20.032328
2463,20.032328
2464,20.032328
2465,20.032328
2466,20.032328
2467,13.329445
2468,13.329445
2469,13.329445
2470,13.329445
2471,13.329445
2472,13.329445
2473,13.329445
2474,13.329445
2475,13.329445
2476,13.329445
2477,13.329445
2478,13.329445
2479,13.329445
2480,13.329445
2481,13.329445
2482,-9999.0
2483,20.032328
2484,20.032328
2485,20.032328
2486,20.032328
2487,20.032328
2488,20.032328
2489,20.032328
2490,20.032328
2491,20.032328
2492,20.032328
2493,20.032328
2494,20.032328
2495,20.032328
2496,20.032328
2497,20.032328
2498,20.032328
2499,20.032328
2500,20.032328
2501,20.032328
2502,20.032328
2503,21.67057
2504,21.67057
2505,21.67057
2506,21.67057
2507,21.67057
2508,21.67057
2509,21.67057
2510,25.75348
2511,25.75348
2512,25.75348
2513,25.75348
2514,25.75348
2515,25.75348
2516,25.75348
2517,25.75348
2518,25.75348
2519,25.75348
2520,25.75348
2521,25.75348
2522,25.75348
2523,25.75348
2524,25.75348
2525,25.75348
2526,25.75348
2527,25.75348
2528,13.329445
2529,13.329445
2530,20.032328
2531,20.032328
2532,20.032328
2533,20.032328
2534,20.032328
2535,20.032328
2536,20.032328
2537,20.032328
2538,20.032328
2539,20.032328
2540,13.329445
2541,13.329445
2542,13.329445
2543,13.329445
2544,13.329445
2545,13.329445
2546,13.329445
2547,13.329445
2548,13.329445
2549,13.329445
2550,13.329445
2551,13.329445
2552,13.329445
2553,13.329445
2554,13.329445
2555,-9999.0
2556,13.81979
2557,13.81979
2558,20.032328
2559,20.032328
2560,20.032328
2561,20.032328
2562,20.032328
2563,20.032328
2564,20.032328
2565,20.032328
2566,20.032328
2567,20.032328
2568,20.032328
2569,20.032328
2570,20.032328
2571,20.032328
2572,20.032328
2573,20.032328
2574,20.032328
2575,20.032328
2576,20.032328
2577,20.032328
2578,20.032328
2579,20.032328
2580,20.032328
2581,25.75348
2582,25.75348
2583,25.75348
2584,25.75348
2585,25.75348
2586,25.75348
2587,25.75348
2588,25.75348
2589,25.75348
2590,25.75348
2591,25.75348
2592,25.75348
2593,25.75348
2594,25.75348
2595,25.75348
2596,25.75348
2597,25.75348
2598,25.75348
2599,25.75348
2600,25.75348
2601,13.329445
2602,13.329445
2603,20.032328
2604,20.032328
2605,20.032328
2606,20.032328
2607,20.032328
2608,20.032328
2609,20.032328
2610,20.032328
2611,20.032328
2612,20.032328
2613,13.329445
2614,13.329445
2615,13.329445
2616,25.75348
2617,25.75348
2618,25.75348
2619,25.75348
2620,25.75348
2621,13.329445
2622,13.329445
2623,13.329445
2624,13.329445
2625,13.329445
2626,13.329445
2627,-9999.0
2628,-9999.0
2629,-9999.0
2630,13.81979
2631,-9999.0
2632,20.032328
2633,20.032328
2634,20.032328
2635,20.032328
2636,20.032328
2637,-9999.0
2638,20.032328
2639,20.032328
2640,20.032328
2641,20.032328
2642,20.032328
2643,20.032328
2644,20.032328
2645,20.032328
2646,20.032328
2647,20.032328
2648,20.032328
2649,20.032328
2650,20.032328
2651,20.032328
2652,20.032328
2653,20.032328
2654,25.75348
2655,25.75348
2656,25.75348
2657,25.75348
2658,25.75348
2659,25.75348
2660,25.75348
2661,25.75348
2662,25.75348
2663,25.75348
2664,25.75348
2665,25.75348
2666,25.75348
2667,25.75348
2668,25.75348
2669,25.75348
2670,25.75348
2671,25.75348
2672,25.75348
2673,25.75348
2674,25.75348
2675,25.75348
2676,13.329445
2677,13.329445
2678,13.329445
2679,20.032328
2680,20.032328
2681,20.032328
2682,20.032328
2683,20.032328
2684,20.032328
2685,20.032328
2686,13.329445
2687,13.329445
2688,13.329445
2689,25.75348
2690,25.75348
2691,25.75348
2692,25.75348
2693,25.75348
2694,13.329445
2695,13.329445
2696,13.329445
2697,13.329445
2698,13.329445
2699,13.329445
2700,-9999.0
2701,-9999.0
2702,-9999.0
2703,-9999.0
2704,-9999.0
2705,-9999.0
2706,-9999.0
2707,-9999.0
2708,-9999.0
2709,-9999.0
2710,-9999.0
2711,20.032328
2712,20.032328
2713,20.032328
2714,20.032328
2715,20.032328
2716,20.032328
2717,20.032328
2718,20.032328
2719,20.032328
2720,20.032328
2721,20.032328
2722,20.032328
2723,20.032328
2724,20.032328
2725,20.032328
2726,20.032328
2727,25.75348
2728,25.75348
2729,25.75348
2730,25.75348
2731,25.75348
2732,25.75348
2733,25.75348
2734,25.75348
2735,25.75348
2736,25.75348
2737,25.75348
2738,25.75348
2739,25.75348
2740,25.75348
2741,25.75348
2742,25.75348
2743,25.75348
2744,25.75348
2745,25.75348
2746,25.75348
2747,25.75348
2748,25.75348
2749,13.329445
2750,13.329445
2751,13.329445
2752,20.032328
2753,20.032328
2754,20.032328
2755,20.032328
2756,20.032328
2757,20.032328
2758,20.032328
2759,13.329445
2760,13.329445
2761,13.329445
2762,25.75348
2763,25.75348
2764,25.75348
2765,25.75348
2766,25.75348
2767,13.329445
2768,13.329445
2769,13.329445
2770,13.329445
2771,13.329445
2772,-9999.0
2773,-9999.0
2774,-9999.0
2775,-9999.0
2776,-9999.0
2777,-9999.0
2778,-9999.0
2779,-9999.0
2780,-9999.0
2781,-9999.0
2782,-9999.0
2783,-9999.0
2784,-9999.0
2785,-9999.0
2786,-9999.0
2787,20.032328
2788,20.032328
2789,20.032328
2790,20.032328
2791,20.032328
2792,20.032328
2793,20.032328
2794,20.032328
2795,20.032328
2796,20.032328
2797,21.67057
2798,21.67057
2799,21.67057
2800,25.75348
2801,25.75348
2802,25.75348
2803,25.75348
2804,25.75348
2805,25.75348
2806,25.75348
2807,25.75348
2808,25.75348
2809,25.75348
2810,25.75348
2811,25.75348
2812,25.75348
2813,25.75348
2814,25.75348
2815,25.75348
2816,25.75348
2817,25.75348
2818,25.75348
2819,25.75348
2820,25.75348
2821,25.75348
2822,13.329445
2823,13.329445
2824,13.329445
2825,20.032328
2826,20.032328
2827,20.032328
2828,20.032328
2829,20.032328
2830,13.329445
2831,13.329445
2832,13.329445
2833,13.329445
2834,13.329445
2835,25.75348
2836,25.75348
2837,25.75348
2838,13.329445
2839,13.329445
2840,13.329445
2841,13.329445
2842,-9999.0
2843,-9999.0
2844,-9999.0
2845,-9999.0
2846,-9999.0
2847,-9999.0
2848,-9999.0
2849,-9999.0
2850,-9999.0
2851,-9999.0
2852,-9999.0
2853,-9999.0
2854,-9999.0
2855,-9999.0
2856,-9999.0
2857,-9999.0
2858,-9999.0
2859,-9999.0
2860,20.032328
2861,20.032328
2862,20.032328
2863,20.032328
2864,20.032328
2865,20.032328
2866,20.032328
2867,20.032328
2868,20.032328
2869,20.032328
2870,21.67057
2871,21.67057
2872,21.67057
2873,25.75348
2874,25.75348
2875,25.75348
2876,25.75348
2877,25.75348
2878,25.75348
2879,25.75348
2880,25.75348
2881,25.75348
2882,25.75348
2883,25.75348
2884,25.75348
2885,25.75348
2886,25.75348
2887,25.75348
2888,25.75348
2889,25.75348
2890,25.75348
2891,25.75348
2892,25.75348
2893,25.75348
2894,25.75348
2895,13.329445
2896,13.329445
2897,13.329445
2898,20.032328
2899,20.032328
2900,20.032328
2901,20.032328
2902,20.032328
2903,13.329445
2904,13.329445
2905,13.329445
2906,13.329445
2907,13.329445
2908,25.75348
2909,25.75348
2910,25.75348
2911,13.329445
2912,13.329445
2913,13.329445
2914,-9999.0
2915,-9999.0
2916,-9999.0
2917,-9999.0
2918,-9999.0
2919,-9999.0
2920,-9999.0
2921,-9999.0
2922,-9999.0
2923,-9999.0
2924,-9999.0
2925,-9999.0
2926,-9999.0
2927,-9999.0
2928,-9999.0
2929,-9999.0
2930,-9999.0
2931,-9999.0
2932,-9999.0
2933,-9999.0
2934,-9999.0
2935,20.032328
2936,20.032328
2937,20.032328
2938,20.032328
2939,20.032328
2940,20.032328
2941,20.032328
2942,20.032328
2943,20.032328
2944,20.032328
2945,20.032328
2946,25.75348
2947,25.75348
2948,25.75348
2949,25.75348
2950,25.75348
2951,25.75348
2952,25.75348
2953,25.75348
2954,25.75348
2955,25.75348
2956,25.75348
2957,25.75348
2958,25.75348
2959,25.75348
2960,25.75348
2961,25.75348
2962,25.75348
2963,25.75348
2964,25.75348
2965,25.75348
2966,25.75348
2967,25.75348
2968,25.75348
2969,25.75348
2970,25.75348
2971,25.75348
2972,25.75348
2973,13.329445
2974,13.329445
2975,13.329445
2976,13.329445
2977,13.329445
2978,13.329445
2979,13.329445
2980,13.329445
2981,13.329445
2982,25.75348
2983,25.75348
2984,13.329445
2985,13.329445
2986,13.329445
2987,-9999.0
2988,-9999.0
2989,-9999.0
2990,-9999.0
2991,-9999.0
2992,-9999.0
2993,-9999.0
2994,-9999.0
2995,-9999.0
2996,-9999.0
2997,-9999.0
2998,-9999.0
2999,-9999.0
3000,-9999.0
3001,-9999.0
3002,-9999.0
3003,-9999.0
3004,-9999.0
3005,-9999.0
3006,-9999.0
3007,-9999.0
3008,20.032328
3009,20.032328
3010,20.032328
3011,20.032328
3012,20.032328
3013,20.032328
3014,20.032328
3015,20.032328
3016,20.032328
3017,20.032328
3018,20.032328
3019,25.75348
3020,25.75348
3021,25.75348
3022,25.75348
3023,25.75348
3024,25.75348
3025,25.75348
3026,25.75348
3027,25.75348
3028,25.75348
3029,25.75348
3030,25.75348
3031,25.75348
3032,25.75348
3033,25.75348
3034,25.75348
3035,25.75348
3036,25.75348
3037,25.75348
3038,25.75348
3039,25.75348
3040,25.75348
3041,25.75348
3042,25.75348
3043,25.75348
3044,25.75348
3045,25.75348
3046,13.329445
3047,13.329445
3048,13.329445
3049,13.329445
3050,13.329445
3051,13.329445
3052,13.329445
3053,13.329445
3054,13.329445
3055,-9999.0
3056,-9999.0
3057,-9999.0
3058,-9999.0
3059,-9999.0
3060,-9999.0
3061,-9999.0
3062,-9999.0
3063,-9999.0
3064,-9999.0
3065,-9999.0
3066,-9999.0
3067,-9999.0
3068,-9999.0
3069,-9999.0
3070,-9999.0
3071,-9999.0
3072,-9999.0
3073,-9999.0
3074,-9999.0
3075,-9999.0
3076,-9999.0
3077,-9999.0
3078,-9999.0
3079,-9999.0
3080,-9999.0
3081,-9999.0
3082,20.032328
3083,20.032328
3084,20.032328
3085,20.032328
3086,20.032328
3087,20.032328
3088,20.032328
3089,20.032328
3090,20.032328
3091,20.032328
3092,25.75348
3093,25.75348
3094,25.75348
3095,25.75348
3096,25.75348
3097,25.75348
3098,25.75348
3099,25.75348
3100,25.75348
3101,25.75348
3102,25.75348
3103,25.75348
3104,25.75348
3105,25.75348
3106,25.75348
3107,25.75348
3108,25.75348
3109,25.75348
3110,25.75348
3111,25.75348
3112,25.75348
3113,25.75348
3114,25.75348
3115,25.75348
3116,25.75348
3117,25.75348
3118,25.75348
3119,13.329445
3120,13.329445
3121,13.329445
3122,13.329445
3123,13.329445
3124,13.329445
3125,13.329445
3126,13.329445
3127,13.329445
3128,-9999.0
3129,-9999.0
3130,-9999.0
3131,-9999.0
3132,-9999.0
3133,-9999.0
3134,-9999.0
3135,-9999.0
3136,-9999.0
3137,-9999.0
3138,-9999.0
3139,-9999.0
3140,-9999.0
3141,-9999.0
3142,-9999.0
3143,-9999.0
3144,-9999.0
3145,-9999.0
3146,-9999.0
3147,-9999.0
3148,-9999.0
3149,-9999.0
3150,-9999.0
3151,-9999.0
3152,-9999.0
3153,-9999.0
3154,-9999.0
3155,-9999.0
3156,-9999.0
3157,-9999.0
3158,20.032328
3159,20.032328
3160,20.032328
3161,20.032328
3162,20.032328
3163,20.032328
3164,20.032328
3165,20.032328
3166,20.032328
3167,25.75348
3168,25.75348
3169,25.75348
3170,25.75348
3171,25.75348
3172,25.75348
3173,25.75348
3174,25.75348
3175,25.75348
3176,25.75348
3177,25.75348
3178,13.329445
3179,13.329445
3180,13.329445
3181,13.329445
3182,13.329445
3183,25.75348
3184,25.75348
3185,25.75348
3186,25.75348
3187,25.75348
3188,25.75348
3189,25.75348
3190,25.75348
3191,25.75348
3192,25.75348
3193,25.75348
3194,25.75348
3195,25.75348
3196,25.75348
3197,13.329445
3198,13.329445
3199,13.329445
3200,13.329445
3201,-9999.0
3202,-9999.0
3203,-9999.0
3204,-9999.0
3205,-9999.0
3206,-9999.0
3207,-9999.0
3208,-9999.0
3209,-9999.0
3210,-9999.0
3211,-9999.0
3212,-9999.0
3213,-9999.0
3214,-9999.0
3215,-9999.0
3216,-9999.0
3217,-9999.0
3218,-9999.0
3219,-9999.0
3220,-9999.0
3221,-9999.0
3222,-9999.0
3223,-9999.0
3224,-9999.0
3225,-9999.0
3226,-9999.0
3227,-9999.0
3228,-9999.0
3229,-9999.0
3230,-9999.0
3231,-9999.0
3232,20.032328
3233,20.032328
3234,20.032328
3235,20.032328
3236,20.032328
3237,20.032328
3238,20.032328
3239,20.032328
3240,25.75348
3241,25.75348
3242,25.75348
3243,25.75348
3244,25.75348
3245,25.75348
3246,25.75348
3247,25.75348
3248,25.75348
3249,25.75348
3250,25.75348
3251,13.329445
3252,13.329445
3253,13.329445
3254,13.329445
3255,13.329445
3256,25.75348
3257,25.75348
3258,25.75348
3259,25.75348
3260,25.75348
3261,25.75348
3262,25.75348
3263,25.75348
3264,25.75348
3265,25.75348
3266,25.75348
3267,25.75348
3268,25.75348
3269,25.75348
3270,13.329445
3271,13.329445
3272,13.329445
3273,13.329445
3274,-9999.0
3275,-9999.0
3276,-9999.0
3277,-9999.0
3278,-9999.0
3279,-9999.0
3280,-9999.0
3281,-9999.0
3282,-9999.0
3283,-9999.0
3284,-9999.0
3285,-9999.0
3286,-9999.0
3287,-9999.0
3288,-9999.0
3289,-9999.0
3290,-9999.0
3291,-9999.0
3292,-9999.0
3293,-9999.0
3294,-9999.0
3295,-9999.0
3296,-9999.0
3297,-9999.0
3298,-9999.0
3299,-9999.0
3300,-9999.0
3301,-9999.0
3302,-9999.0
3303,-9999.0
3304,-9999.0
3305,-9999.0
3306,-9999.0
3307,20.032328
3308,20.032328
3309,20.032328
3310,20.032328
3311,-9999.0
3312,-9999.0
3313,-9999.0
3314,25.75348
3315,25.75348
3316,25.75348
3317,25.75348
3318,25.75348
3319,25.75348
3320,25.75348
3321,25.75348
3322,25.75348
3323,25.75348
3324,13.329445
3325,13.329445
3326,13.329445
3327,13.329445
3328,13.329445
3329,25.75348
3330,25.75348
3331,25.75348
3332,25.75348
3333,25.75348
3334,25.75348
3335,25.75348
3336,25.75348
3337,25.75348
3338,25.75348
3339,25.75348
3340,25.75348
3341,25.75348
3342,25.75348
3343,13.329445
3344,13.329445
3345,13.329445
3346,13.329445
3347,-9999.0
3348,-9999.0
3349,-9999.0
3350,-9999.0
3351,-9999.0
3352,-9999.0
3353,-9999.0
3354,-9999.0
3355,-9999.0
3356,-9999.0
3357,-9999.0
3358,-9999.0
3359,-9999.0
3360,-9999.0
3361,-9999.0
3362,-9999.0
3363,-9999.0
3364,-9999.0
3365,-9999.0
3366,-9999.0
3367,-9999.0
3368,-9999.0
3369,-9999.0
3370,-9999.0
3371,-9999.0
3372,-9999.0
3373,-9999.0
3374,-9999.0
3375,-9999.0
3376,-9999.0
3377,-9999.0
3378,-9999.0
3379,-9999.0
3380,-9999.0
3381,-9999.0
3382,-9999.0
3383,-9999.0
3384,-9999.0
3385,-9999.0
3386,-9999.0
3387,25.75348
3388,25.75348
3389,25.75348
3390,25.75348
3391,25.75348
3392,25.75348
3393,25.75348
3394,25.75348
3395,25.75348
3396,25.75348
3397,25.75348
3398,25.75348
3399,25.75348
3400,25.75348
3401,25.75348
3402,25.75348
3403,25.75348
3404,25.75348
3405,25.75348
3406,25.75348
3407,25.75348
3408,25.75348
3409,25.75348
3410,25.75348
3411,25.75348
3412,25.75348
3413,25.75348
3414,25.75348
3415,25.75348
3416,25.75348
3417,25.75348
3418,25.75348
3419,13.329445
3420,-9999.0
3421,-9999.0
3422,-9999.0
3423,-9999.0
3424,-9999.0
3425,-9999.0
3426,-9999.0
3427,-9999.0
3428,-9999.0
3429,-9999.0
3430,-9999.0
3431,-9999.0
3432,-9999.0
3433,-9999.0
3434,-9999.0
3435,-9999.0
3436,-9999.0
3437,-9999.0
3438,-9999.0
3439,-9999.0
3440,-9999.0
3441,-9999.0
3442,-9999.0
3443,-9999.0
3444,-9999.0
3445,-9999.0
3446,-9999.0
3447,-9999.0
3448,-9999.0
3449,-9999.0
3450,-9999.0
3451,-9999.0
3452,-9999.0
3453,-9999.0
3454,-9999.0
3455,-9999.0
3456,-9999.0
3457,-9999.0
3458,-9999.0
3459,25.75348
3460,25.75348
3461,25.75348
3462,25.75348
3463,25.75348
3464,25.75348
3465,25.75348
3466,25.75348
3467,25.75348
3468,25.75348
3469,25.75348
3470,25.75348
3471,25.75348
3472,25.75348
3473,25.75348
3474,25.75348
3475,25.75348
3476,25.75348
3477,25.75348
3478,25.75348
3479,25.75348
3480,25.75348
3481,25.75348
3482,25.75348
3483,25.75348
3484,25.75348
3485,25.75348
3486,25.75348
3487,25.75348
3488,25.75348
3489,25.75348
3490,25.75348
3491,25.75348
3492,-9999.0
3493,-9999.0
3494,-9999.0
3495,-9999.0
3496,-9999.0
3497,-9999.0
3498,-9999.0
3499,-9999.0
3500,-9999.0
3501,-9999.0
3502,-9999.0
3503,-9999.0
3504,-9999.0
3505,-9999.0
3506,-9999.0
3507,-9999.0
3508,-9999.0
3509,-9999.0
3510,-9999.0
3511,-9999.0
3512,-9999.0
3513,-9999.0
3514,-9999.0
3515,-9999.0
3516,-9999.0
3517,-9999.0
3518,-9999.0
3519,-9999.0
3520,-9999.0
3521,-9999.0
3522,-9999.0
3523,-9999.0
3524,-9999.0
3525,-9999.0
3526,-9999.0
3527,-9999.0
3528,-9999.0
3529,-9999.0
3530,-9999.0
3531,21.67057
3532,25.75348
3533,25.75348
3534,25.75348
3535,25.75348
3536,25.75348
3537,25.75348
3538,25.75348
3539,25.75348
3540,25.75348
3541,25.75348
3542,25.75348
3543,25.75348
3544,25.75348
3545,25.75348
3546,25.75348
3547,25.75348
3548,25.75348
3549,25.75348
3550,25.75348
3551,25.75348
3552,25.75348
3553,25.75348
3554,25.75348
3555,25.75348
3556,25.75348
3557,25.75348
3558,25.75348
3559,25.75348
3560,25.75348
3561,25.75348
3562,25.75348
3563,25.75348
3564,25.75348
3565,-9999.0
3566,-9999.0
3567,-9999.0
3568,-9999.0
3569,-9999.0
3570,-9999.0
3571,-9999.0
3572,-9999.0
3573,-9999.0
3574,-9999.0
3575,-9999.0
3576,-9999.0
3577,-9999.0
3578,-9999.0
3579,-9999.0
3580,-9999.0
3581,-9999.0
3582,-9999.0
3583,-9999.0
3584,-9999.0
3585,-9999.0
3586,-9999.0
3587,-9999.0
3588,-9999.0
3589,-9999.0
3590,-9999.0
3591,-9999.0
3592,-9999.0
3593,-9999.0
3594,-9999.0
3595,-9999.0
3596,-9999.0
3597,-9999.0
3598,-9999.0
3599,-9999.0
3600,-9999.0
3601,-9999.0
3602,-9999.0
3603,21.67057
3604,21.67057
3605,25.75348
3606,25.75348
3607,25.75348
3608,25.75348
3609,25.75348
3610,25.75348
3611,25.75348
3612,25.75348
3613,25.75348
3614,25.75348
3615,25.75348
3616,25.75348
3617,25.75348
3618,25.75348
3619,25.75348
3620,25.75348
3621,25.75348
3622,25.75348
3623,25.75348
3624,25.75348
3625,25.75348
3626,25.75348
3627,25.75348
3628,25.75348
3629,25.75348
3630,25.75348
3631,25.75348
3632,25.75348
3633,25.75348
3634,25.75348
3635,25.75348
3636,25.75348
3637,25.75348
3638,25.75348
3639,-9999.0
3640,-9999.0
3641,-9999.0
3642,-9999.0
3643,-9999.0
3644,-9999.0
3645,-9999.0
3646,-9999.0
3647,-9999.0
3648,-9999.0
3649,-9999.0
3650,-9999.0
3651,-9999.0
3652,-9999.0
3653,-9999.0
3654,-9999.0
3655,-9999.0
3656,-9999.0
3657,-9999.0
3658,-9999.0
3659,-9999.0
3660,-9999.0
3661,-9999.0
3662,-9999.0
3663,-9999.0
3664,-9999.0
3665,-9999.0
3666,-9999.0
3667,-9999.0
3668,-9999.0
3669,-9999.0
3670,-9999.0
3671,-9999.0
3672,-9999.0
3673,-9999.0
3674,-9999.0
3675,-9999.0
3676,-9999.0
3677,20.032328
3678,20.032328
3679,20.032328
3680,20.032328
3681,21.67057
3682,21.67057
3683,21.67057
3684,25.75348
3685,25.75348
3686,25.75348
3687,25.75348
3688,25.75348
3689,25.75348
3690,25.75348
3691,25.75348
3692,25.75348
3693,25.75348
3694,25.75348
3695,25.75348
3696,25.75348
3697,25.75348
3698,25.75348
3699,25.75348
3700,25.75348
3701,25.75348
3702,25.75348
3703,25.75348
3704,25.75348
3705,25.75348
3706,25.75348
3707,25.75348
3708,25.75348
3709,25.75348
3710,25.75348
3711,25.75348
3712,25.75348
3713,25.75348
3714,-9999.0
3715,-9999.0
3716,-9999.0
3717,-9999.0
3718,-9999.0
3719,-9999.0
3720,-9999.0
3721,-9999.0
3722,-9999.0
3723,-9999.0
3724,-9999.0
3725,-9999.0
3726,-9999.0
3727,-9999.0
3728,-9999.0
3729,-9999.0
3730,-9999.0
3731,-9999.0
3732,-9999.0
3733,-9999.0
3734,-9999.0
3735,-9999.0
3736,-9999.0
3737,-9999.0
3738,-9999.0
3739,-9999.0
3740,-9999.0
3741,-9999.0
3742,-9999.0
3743,-9999.0
3744,-9999.0
3745,-9999.0
3746,-9999.0
3747,-9999.0
3748,-9999.0
3749,-9999.0
3750,-9999.0
3751,-9999.0
3752,20.032328
3753,20.032328
3754,21.67057
3755,21.67057
3756,21.67057
3757,25.75348
3758,25.75348
3759,25.75348
3760,25.75348
3761,25.75348
3762,25.75348
3763,25.75348
3764,25.75348
3765,25.75348
3766,25.75348
3767,25.75348
3768,25.75348
3769,25.75348
3770,25.75348
3771,25.75348
3772,25.75348
3773,25.75348
3774,25.75348
3775,25.75348
3776,25.75348
3777,25.75348
3778,25.75348
3779,25.75348
3780,25.75348
3781,25.75348
3782,25.75348
3783,25.75348
3784,25.75348
3785,25.75348
3786,25.75348
3787,25.75348
3788,-9999.0
3789,-9999.0
3790,-9999.0
3791,-9999.0
3792,-9999.0
3793,-9999.0
3794,-9999.0
3795,-9999.0
3796,-9999.0
3797,-9999.0
3798,-9999.0
3799,-9999.0
3800,-9999.0
3801,-9999.0
3802,-9999.0
3803,-9999.0
3804,-9999.0
3805,-9999.0
3806,-9999.0
3807,-9999.0
3808,-9999.0
3809,-9999.0
3810,-9999.0
3811,-9999.0
3812,-9999.0
3813,-9999.0
3814,-9999.0
3815,-9999.0
3816,-9999.0
3817,-9999.0
3818,-9999.0
3819,-9999.0
3820,-9999.0
3821,-9999.0
3822,-9999.0
3823,-9999.0
3824,-9999.0
3825,20.032328
3826,20.032328
3827,21.67057
3828,21.67057
3829,21.67057
3830,25.75348
3831,25.75348
3832,25.75348
3833,25.75348
3834,25.75348
3835,25.75348
3836,25.75348
3837,25.75348
3838,25.75348
3839,25.75348
3840,25.75348
3841,25.75348
3842,25.75348
3843,25.75348
3844,25.75348
3845,25.75348
3846,25.75348
3847,25.75348
3848,25.75348
3849,25.75348
3850,25.75348
3851,25.75348
3852,25.75348
3853,25.75348
3854,25.75348
3855,25.75348
3856,25.75348
3857,25.75348
3858,25.75348
3859,25.75348
3860,25.75348
3861,-9999.0
3862,-9999.0
3863,-9999.0
3864,-9999.0
3865,-9999.0
3866,-9999.0
3867,-9999.0
3868,-9999.0
3869,-9999.0
3870,-9999.0
3871,-9999.0
3872,-9999.0
3873,-9999.0
3874,-9999.0
3875,-9999.0
3876,-9999.0
3877,-9999.0
3878,-9999.0
3879,-9999.0
3880,-9999.0
3881,-9999.0
3882,-9999.0
3883,-9999.0
3884,-9999.0
3885,-9999.0
3886,-9999.0
3887,-9999.0
3888,-9999.0
3889,-9999.0
3890,-9999.0
3891,-9999.0
3892,-9999.0
3893,-9999.0
3894,-9999.0
3895,-9999.0
3896,-9999.0
3897,-9999.0
3898,-9999.0
3899,20.032328
3900,20.032328
3901,20.032328
3902,20.032328
3903,9.542103
3904,9.542103
3905,25.75348
3906,25.75348
3907,25.75348
3908,25.75348
3909,25.75348
3910,25.75348
3911,25.75348
3912,25.75348
3913,25.75348
3914,25.75348
3915,25.75348
3916,25.75348
3917,25.75348
3918,25.75348
3919,25.75348
3920,25.75348
3921,25.75348
3922,25.75348
3923,25.75348
3924,25.75348
3925,25.75348
3926,25.75348
3927,25.75348
3928,25.75348
3929,25.75348
3930,25.75348
3931,25.75348
3932,-9999.0
3933,-9999.0
3934,-9999.0
3935,-9999.0
3936,-9999.0
3937,-9999.0
3938,-9999.0
3939,-9999.0
3940,-9999.0
3941,-9999.0
3942,-9999.0
3943,-9999.0
3944,-9999.0
3945,-9999.0
3946,-9999.0
3947,-9999.0
3948,-9999.0
3949,-9999.0
3950,-9999.0
3951,-9999.0
3952,-9999.0
3953,-9999.0
3954,-9999.0
3955,-9999.0
3956,-9999.0
3957,-9999.0
3958,-9999.0
3959,-9999.0
3960,-9999.0
3961,-9999.0
3962,-9999.0
3963,-9999.0
3964,-9999.0
3965,-9999.0
3966,-9999.0
3967,-9999.0
3968,-9999.0
3969,-9999.0
3970,-9999.0
3971,20.032328
3972,20.032328
3973,-9999.0
3974,20.032328
3975,20.032328
3976,-9999.0
3977,9.542103
3978,25.75348
3979,25.75348
3980,25.75348
3981,25.75348
3982,25.75348
3983,25.75348
3984,25.75348
3985,25.75348
3986,25.75348
3987,25.75348
3988,25.75348
3989,25.75348
3990,25.75348
3991,25.75348
3992,25.75348
3993,25.75348
3994,25.75348
3995,25.75348
3996,25.75348
3997,25.75348
3998,25.75348
3999,25.75348
4000,25.75348
4001,25.75348
4002,25.75348
4003,25.75348
4004,-9999.0
4005,-9999.0
4006,-9999.0
4007,-9999.0
4008,-9999.0
4009,-9999.0
4010,-9999.0
4011,-9999.0
4012,-9999.0
4013,-9999.0
4014,-9999.0
4015,-9999.0
4016,-9999.0
4017,-9999.0
4018,-9999.0
4019,-9999.0
4020,-9999.0
4021,-9999.0
4022,-9999.0
4023,-9999.0
4024,-9999.0
4025,-9999.0
4026,-9999.0
4027,-9999.0
4028,-9999.0
4029,-9999.0
4030,-9999.0
4031,-9999.0
4032,-9999.0
4033,-9999.0
4034,-9999.0
4035,-9999.0
4036,-9999.0
4037,-9999.0
4038,-9999.0
4039,-9999.0
4040,-9999.0
4041,-9999.0
4042,-9999.0
4043,-9999.0
4044,20.032328
4045,-9999.0
4046,-9999.0
4047,-9999.0
4048,-9999.0
4049,-9999.0
4050,9.542103
4051,25.75348
4052,25.75348
4053,25.75348
4054,25.75348
4055,25.75348
4056,25.75348
4057,25.75348
4058,25.75348
4059,25.75348
4060,25.75348
4061,25.75348
4062,25.75348
4063,25.75348
4064,25.75348
4065,25.75348
4066,25.75348
4067,25.75348
4068,25.75348
4069,25.75348
4070,25.75348
4071,25.75348
4072,25.75348
4073,25.75348
4074,25.75348
4075,25.75348
4076,25.75348
4077,-9999.0
4078,-9999.0
4079,-9999.0
4080,-9999.0
4081,-9999.0
4082,-9999.0
4083,-9999.0
4084,-9999.0
4085,-9999.0
4086,-9999.0
4087,-9999.0
4088,-9999.0
4089,-9999.0
4090,-9999.0
4091,-9999.0
4092,-9999.0
4093,-9999.0
4094,-9999.0
4095,-9999.0
4096,-9999.0
4097,-9999.0
4098,-9999.0
4099,-9999.0
4100,-9999.0
4101,-9999.0
4102,-9999.0
4103,-9999.0
4104,-9999.0
4105,-9999.0
4106,-9999.0
4107,-9999.0
4108,-9999.0
4109,-9999.0
4110,-9999.0
4111,-9999.0
4112,-9999.0
4113,-9999.0
4114,-9999.0
4115,20.032328
4116,20.032328
4117,-9999.0
4118,-9999.0
4119,-9999.0
4120,-9999.0
4121,-9999.0
4122,20.032328
4123,20.032328
4124,25.75348
4125,25.75348
4126,25.75348
4127,25.75348
4128,25.75348
4129,25.75348
4130,25.75348
4131,25.75348
4132,25.75348
4133,25.75348
4134,25.75348
4135,25.75348
4136,25.75348
4137,25.75348
4138,25.75348
4139,25.75348
4140,25.75348
4141,25.75348
4142,25.75348
4143,25.75348
4144,25.75348
4145,25.75348
4146,25.75348
4147,25.75348
4148,25.75348
4149,25.75348
4150,-9999.0
4151,-9999.0
4152,-9999.0
4153,-9999.0
4154,-9999.0
4155,-9999.0
4156,-9999.0
4157,-9999.0
4158,-9999.0
4159,-9999.0
4160,-9999.0
4161,-9999.0
4162,-9999.0
4163,-9999.0
4164,-9999.0
4165,-9999.0
4166,-9999.0
4167,-9999.0
4168,-9999.0
4169,-9999.0
4170,-9999.0
4171,-9999.0
4172,-9999.0
4173,-9999.0
4174,-9999.0
4175,-9999.0
4176,-9999.0
4177,-9999.0
4178,-9999.0
4179,-9999.0
4180,-9999.0
4181,-9999.0
4182,-9999.0
4183,-9999.0
4184,-9999.0
4185,-9999.0
4186,-9999.0
4187,-9999.0
4188,-9999.0
4189,-9999.0
4190,-9999.0
4191,-9999.0
4192,-9999.0
4193,-9999.0
4194,-9999.0
4195,20.032328
4196,20.032328
4197,25.75348
4198,25.75348
4199,25.75348
4200,25.75348
4201,25.75348
4202,25.75348
4203,25.75348
4204,25.75348
4205,25.75348
4206,25.75348
4207,25.75348
4208,25.75348
4209,25.75348
4210,25.75348
4211,25.75348
4212,25.75348
4213,25.75348
4214,25.75348
4215,25.75348
4216,25.75348
4217,25.75348
4218,25.75348
4219,25.75348
4220,25.75348
4221,25.75348
4222,25.75348
4223,25.75348
4224,-9999.0
4225,-9999.0
4226,-9999.0
4227,-9999.0
4228,-9999.0
4229,-9999.0
4230,-9999.0
4231,-9999.0
4232,-9999.0
4233,-9999.0
4234,-9999.0
4235,-9999.0
4236,-9999.0
4237,-9999.0
4238,-9999.0
4239,-9999.0
4240,-9999.0
4241,-9999.0
4242,-9999.0
4243,-9999.0
4244,-9999.0
4245,-9999.0
4246,-9999.0
4247,-9999.0
4248,-9999.0
4249,-9999.0
4250,-9999.0
4251,-9999.0
4252,-9999.0
4253,-9999.0
4254,-9999.0
4255,-9999.0
4256,-9999.0
4257,-9999.0
4258,-9999.0
4259,-9999.0
4260,-9999.0
4261,-9999.0
4262,-9999.0
4263,-9999.0
4264,-9999.0
4265,-9999.0
4266,-9999.0
4267,-9999.0
4268,20.032328
4269,20.032328
4270,20.032328
4271,20.032328
4272,20.032328
4273,25.75348
4274,25.75348
4275,25.75348
4276,25.75348
4277,25.75348
4278,25.75348
4279,25.75348
4280,25.75348
4281,25.75348
4282,25.75348
4283,25.75348
4284,25.75348
4285,25.75348
4286,25.75348
4287,25.75348
4288,25.75348
4289,25.75348
4290,25.75348
4291,25.75348
4292,25.75348
4293,25.75348
4294,25.75348
4295,25.75348
4296,25.75348
4297,-9999.0
4298,-9999.0
4299,-9999.0
4300,-9999.0
4301,-9999.0
4302,-9999.0
4303,-9999.0
4304,-9999.0
4305,-9999.0
4306,-9999.0
4307,-9999.0
4308,-9999.0
4309,-9999.0
4310,-9999.0
4311,-9999.0
4312,-9999.0
4313,-9999.0
4314,-9999.0
4315,-9999.0
4316,-9999.0
4317,-9999.0
4318,-9999.0
4319,-9999.0
4320,-9999.0
4321,-9999.0
4322,-9999.0
4323,-9999.0
4324,-9999.0
4325,-9999.0
4326,-9999.0
4327,-9999.0
4328,-9999.0
4329,-9999.0
4330,-9999.0
4331,-9999.0
4332,-9999.0
4333,-9999.0
4334,-9999.0
4335,-9999.0
4336,-9999.0
4337,-9999.0
4338,-9999.0
4339,-9999.0
4340,-9999.0
4341,-9999.0
4342,-9999.0
4343,20.032328
4344,20.032328
4345,20.032328
4346,25.75348
4347,25.75348
4348,25.75348
4349,25.75348
4350,25.75348
4351,25.75348
4352,25.75348
4353,25.75348
4354,25.75348
4355,25.75348
4356,25.75348
4357,25.75348
4358,25.75348
4359,25.75348
4360,25.75348
4361,25.75348
4362,25.75348
4363,25.75348
4364,25.75348
4365,25.75348
4366,25.75348
4367,25.75348
4368,25.75348
4369,25.75348
4370,25.75348
4371,-9999.0
4372,-9999.0
4373,-9999.0
4374,-9999.0
4375,-9999.0
4376,-9999.0
4377,-9999.0
4378,-9999.0
4379,-9999.0
4380,-9999.0
4381,-9999.0
4382,-9999.0
4383,-9999.0
4384,-9999.0
4385,-9999.0
4386,-9999.0
4387,-9999.0
4388,-9999.0
4389,-9999.0
4390,-9999.0
4391,-9999.0
4392,-9999.0
4393,-9999.0
4394,-9999.0
4395,-9999.0
4396,-9999.0
4397,-9999.0
4398,-9999.0
4399,-9999.0
4400,-9999.0
4401,-9999.0
4402,-9999.0
4403,-9999.0
4404,-9999.0
4405,-9999.0
4406,-9999.0
4407,-9999.0
4408,-9999.0
4409,-9999.0
4410,-9999.0
4411,-9999.0
4412,-9999.0
4413,-9999.0
4414,-9999.0
4415,-9999.0
4416,20.032328
4417,20.032328
4418,20.032328
4419,25.75348
4420,25.75348
4421,25.75348
4422,25.75348
4423,25.75348
4424,25.75348
4425,25.75348
4426,25.75348
4427,25.75348
4428,25.75348
4429,25.75348
4430,25.75348
4431,25.75348
4432,25.75348
4433,25.75348
4434,25.75348
4435,25.75348
4436,25.75348
4437,25.75348
4438,25.75348
4439,25.75348
4440,25.75348
4441,25.75348
4442,25.75348
4443,25.75348
4444,25.75348
4445,25.75348
4446,25.75348
4447,25.75348
4448,-9999.0
4449,-9999.0
4450,-9999.0
4451,-9999.0
4452,-9999.0
4453,-9999.0
4454,-9999.0
4455,-9999.0
4456,-9999.0
4457,-9999.0
4458,-9999.0
4459,-9999.0
4460,-9999.0
4461,-9999.0
4462,-9999.0
4463,-9999.0
4464,-9999.0
4465,-9999.0
4466,-9999.0
4467,-9999.0
4468,-9999.0
4469,-9999.0
4470,-9999.0
4471,-9999.0
4472,-9999.0
4473,-9999.0
4474,-9999.0
4475,-9999.0
4476,-9999.0
4477,-9999.0
4478,-9999.0
4479,-9999.0
4480,-9999.0
4481,-9999.0
4482,-9999.0
4483,-9999.0
4484,-9999.0
4485,-9999.0
4486,-9999.0
4487,-9999.0
4488,-9999.0
4489,20.032328
4490,20.032328
4491,20.032328
4492,25.75348
4493,25.75348
4494,25.75348
4495,25.75348
4496,25.75348
4497,25.75348
4498,25.75348
4499,25.75348
4500,25.75348
4501,25.75348
4502,25.75348
4503,25.75348
4504,25.75348
4505,25.75348
4506,25.75348
4507,25.75348
4508,25.75348
4509,25.75348
4510,25.75348
4511,25.75348
4512,25.75348
4513,25.75348
4514,25.75348
4515,25.75348
4516,25.75348
4517,25.75348
4518,25.75348
4519,25.75348
4520,25.75348
4521,-9999.0
4522,-9999.0
4523,-9999.0
4524,-9999.0
4525,-9999.0
4526,-9999.0
4527,-9999.0
4528,-9999.0
4529,-9999.0
4530,-9999.0
4531,-9999.0
4532,-9999.0
4533,-9999.0
4534,-9999.0
4535,-9999.0
4536,-9999.0
4537,-9999.0
4538,-9999.0
4539,-9999.0
4540,-9999.0
4541,-9999.0
4542,-9999.0
4543,-9999.0
4544,-9999.0
4545,-9999.0
4546,-9999.0
4547,-9999.0
4548,-9999.0
4549,-9999.0
4550,-9999.0
4551,-9999.0
4552,-9999.0
4553,-9999.0
4554,-9999.0
4555,-9999.0
4556,-9999.0
4557,-9999.0
4558,-9999.0
4559,-9999.0
4560,-9999.0
4561,-9999.0
4562,20.032328
4563,20.032328
4564,20.032328
4565,25.75348
4566,25.75348
4567,25.75348
4568,25.75348
4569,25.75348
4570,25.75348
4571,25.75348
4572,25.75348
4573,25.75348
4574,25.75348
4575,25.75348
4576,25.75348
4577,25.75348
4578,25.75348
4579,25.75348
4580,25.75348
4581,25.75348
4582,25.75348
4583,25.75348
4584,25.75348
4585,25.75348
4586,25.75348
4587,25.75348
4588,25.75348
4589,25.75348
4590,25.75348
4591,25.75348
4592,25.75348
4593,25.75348
4594,-9999.0
4595,-9999.0
4596,-9999.0
4597,-9999.0
4598,-9999.0
4599,-9999.0
4600,-9999.0
4601,-9999.0
4602,-9999.0
4603,-9999.0
4604,-9999.0
4605,-9999.0
4606,-9999.0
4607,-9999.0
4608,-9999.0
4609,-9999.0
4610,-9999.0
4611,-9999.0
4612,-9999.0
4613,-9999.0
4614,-9999.0
4615,-9999.0
4616,-9999.0
4617,-9999.0
4618,-9999.0
4619,-9999.0
4620,-9999.0
4621,-9999.0
4622,-9999.0
4623,-9999.0
4624,-9999.0
4625,-9999.0
4626,-9999.0
4627,-9999.0
4628,-9999.0
4629,-9999.0
4630,-9999.0
4631,-9999.0
4632,-9999.0
4633,-9999.0
4634,-9999.0
4635,-9999.0
4636,20.032328
4637,20.032328
4638,20.032328
4639,20.032328
4640,25.75348
4641,25.75348
4642,25.75348
4643,25.75348
4644,25.75348
4645,25.75348
4646,25.75348
4647,25.75348
4648,25.75348
4649,25.75348
4650,25.75348
4651,25.75348
4652,25.75348
4653,25.75348
4654,25.75348
4655,25.75348
4656,25.75348
4657,25.75348
4658,25.75348
4659,25.75348
4660,25.75348
4661,25.75348
4662,25.75348
4663,25.75348
4664,25.75348
4665,25.75348
4666,25.75348
4667,-9999.0
4668,-9999.0
4669,-9999.0
4670,-9999.0
4671,-9999.0
4672,-9999.0
4673,-9999.0
4674,-9999.0
4675,-9999.0
4676,-9999.0
4677,-9999.0
4678,-9999.0
4679,-9999.0
4680,-9999.0
4681,-9999.0
4682,-9999.0
4683,-9999.0
4684,-9999.0
4685,-9999.0
4686,-9999.0
4687,-9999.0
4688,-9999.0
4689,-9999.0
4690,-9999.0
4691,-9999.0
4692,-9999.0
4693,-9999.0
4694,-9999.0
4695,-9999.0
4696,-9999.0
4697,-9999.0
4698,-9999.0
4699,-9999.0
4700,-9999.0
4701,-9999.0
4702,-9999.0
4703,-9999.0
4704,-9999.0
4705,-9999.0
4706,-9999.0
4707,-9999.0
4708,-9999.0
4709,-9999.0
4710,20.032328
4711,20.032328
4712,20.032328
4713,25.75348
4714,25.75348
4715,25.75348
4716,25.75348
4717,25.75348
4718,25.75348
4719,25.75348
4720,25.75348
4721,25.75348
4722,25.75348
4723,25.75348
4724,25.75348
4725,25.75348
4726,25.75348
4727,25.75348
4728,25.75348
4729,25.75348
4730,25.75348
4731,25.75348
4732,25.75348
4733,25.75348
4734,25.75348
4735,25.75348
4736,25.75348
4737,25.75348
4738,25.75348
4739,25.75348
4740,-9999.0
4741,-9999.0
4742,-9999.0
4743,-9999.0
4744,-9999.0
4745,-9999.0
4746,-9999.0
4747,-9999.0
4748,-9999.0
4749,-9999.0
4750,-9999.0
4751,-9999.0
4752,-9999.0
4753,-9999.0
4754,-9999.0
4755,-9999.0
4756,-9999.0
4757,-9999.0
4758,-9999.0
4759,-9999.0
4760,-9999.0
4761,-9999.0
4762,-9999.0
4763,-9999.0
4764,-9999.0
4765,-9999.0
4766,-9999.0
4767,-9999.0
4768,-9999.0
4769,-9999.0
4770,-9999.0
4771,-9999.0
4772,-9999.0
4773,-9999.0
4774,-9999.0
4775,-9999.0
4776,-9999.0
4777,-9999.0
4778,-9999.0
4779,-9999.0
4780,-9999.0
4781,-9999.0
4782,20.032328
4783,20.032328
4784,20.032328
4785,20.032328
4786,25.75348
4787,25.75348
4788,25.75348
4789,25.75348
4790,25.75348
4791,25.75348
4792,25.75348
4793,25.75348
4794,25.75348
4795,25.75348
4796,25.75348
4797,25.75348
4798,25.75348
4799,25.75348
4800,25.75348
4801,25.75348
4802,25.75348
4803,25.75348
4804,25.75348
4805,25.75348
4806,25.75348
4807,25.75348
4808,25.75348
4809,25.75348
4810,25.75348
4811,25.75348
4812,-9999.0
4813,-9999.0
4814,-9999.0
4815,-9999.0
4816,-9999.0
4817,-9999.0
4818,-9999.0
4819,-9999.0
4820,-9999.0
4821,-9999.0
4822,-9999.0
4823,-9999.0
4824,-9999.0
4825,-9999.0
4826,-9999.0
4827,-9999.0
4828,-9999.0
4829,-9999.0
4830,-9999.0
4831,-9999.0
4832,-9999.0
4833,-9999.0
4834,-9999.0
4835,-9999.0
4836,-9999.0
4837,-9999.0
4838,-9999.0
4839,-9999.0
4840,-9999.0
4841,-9999.0
4842,-9999.0
4843,-9999.0
4844,-9999.0
4845,-9999.0
4846,-9999.0
4847,-9999.0
4848,-9999.0
4849,-9999.0
4850,-9999.0
4851,-9999.0
4852,-9999.0
4853,-9999.0
4854,-9999.0
4855,-9999.0
4856,20.032328
4857,20.032328
4858,20.032328
4859,25.75348
4860,25.75348
4861,25.75348
4862,25.75348
4863,25.75348
4864,25.75348
4865,25.75348
4866,25.75348
4867,25.75348
4868,25.75348
4869,25.75348
4870,25.75348
4871,25.75348
4872,25.75348
4873,25.75348
4874,25.75348
4875,25.75348
4876,25.75348
4877,25.75348
4878,25.75348
4879,25.75348
4880,25.75348
4881,25.75348
4882,25.75348
4883,25.75348
4884,25.75348
4885,-9999.0
4886,-9999.0
4887,-9999.0
4888,-9999.0
4889,-9999.0
4890,-9999.0
4891,-9999.0
4892,-9999.0
4893,-9999.0
4894,-9999.0
4895,-9999.0
4896,-9999.0
4897,-9999.0
4898,-9999.0
4899,-9999.0
4900,-9999.0
4901,-9999.0
4902,-9999.0
4903,-9999.0
4904,-9999.0
4905,-9999.0
4906,-9999.0
4907,-9999.0
4908,-9999.0
4909,-9999.0
4910,-9999.0
4911,-9999.0
4912,-9999.0
4913,-9999.0
4914,-9999.0
4915,-9999.0
4916,-9999.0
4917,-9999.0
4918,-9999.0
4919,-9999.0
4920,-9999.0
4921,-9999.0
4922,-9999.0
4923,-9999.0
4924,-9999.0
4925,-9999.0
4926,-9999.0
4927,-9999.0
4928,-9999.0
4929,-9999.0
4930,20.032328
4931,20.032328
4932,25.75348
4933,25.75348
4934,25.75348
4935,25.75348
4936,25.75348
4937,25.75348
4938,25.75348
4939,25.75348
4940,25.75348
4941,25.75348
4942,25.75348
4943,25.75348
4944,25.75348
4945,25.75348
4946,25.75348
4947,25.75348
4948,25.75348
4949,25.75348
4950,25.75348
4951,25.75348
4952,25.75348
4953,25.75348
4954,25.75348
4955,25.75348
4956,25.75348
4957,25.75348
4958,25.75348
4959,-9999.0
4960,-9999.0
4961,-9999.0
4962,-9999.0
4963,-9999.0
4964,-9999.0
4965,-9999.0
4966,-9999.0
4967,-9999.0
4968,-9999.0
4969,-9999.0
4970,-9999.0
4971,-9999.0
4972,-9999.0
4973,-9999.0
4974,-9999.0
4975,-9999.0
4976,-9999.0
4977,-9999.0
4978,-9999.0
4979,-9999.0
4980,-9999.0
4981,-9999.0
4982,-9999.0
4983,-9999.0
4984,-9999.0
4985,-9999.0
4986,-9999.0
4987,-9999.0
4988,-9999.0
4989,-9999.0
4990,-9999.0
4991,-9999.0
4992,-9999.0
4993,-9999.0
4994,-9999.0
4995,-9999.0
4996,-9999.0
4997,-9999.0
4998,-9999.0
4999,-9999.0
5000,-9999.0
5001,-9999.0
5002,-9999.0
5003,20.032328
5004,20.032328
5005,25.75348
5006,25.75348
5007,25.75348
5008,25.75348
5009,25.75348
5010,25.75348
5011,25.75348
5012,25.75348
5013,25.75348
5014,25.75348
5015,25.75348
5016,25.75348
5017,25.75348
5018,25.75348
5019,25.75348
5020,25.75348
5021,25.75348
5022,25.75348
5023,25.75348
5024,25.75348
5025,25.75348
5026,25.75348
5027,25.75348
5028,13.329445
5029,13.329445
5030,25.75348
5031,25.75348
5032,25.75348
5033,25.75348
5034,25.75348
5035,-9999.0
5036,-9999.0
5037,-9999.0
5038,-9999.0
5039,-9999.0
5040,-9999.0
5041,-9999.0
5042,-9999.0
5043,-9999.0
5044,-9999.0
5045,-9999.0
5046,-9999.0
5047,-9999.0
5048,-9999.0
5049,-9999.0
5050,-9999.0
5051,-9999.0
5052,-9999.0
5053,-9999.0
5054,-9999.0
5055,-9999.0
5056,-9999.0
5057,-9999.0
5058,-9999.0
5059,-9999.0
5060,-9999.0
5061,-9999.0
5062,-9999.0
5063,-9999.0
5064,-9999.0
5065,-9999.0
5066,-9999.0
5067,-9999.0
5068,-9999.0
5069,-9999.0
5070,-9999.0
5071,-9999.0
5072,-9999.0
5073,-9999.0
5074,-9999.0
5075,-9999.0
5076,20.032328
5077,20.032328
5078,25.75348
5079,25.75348
5080,25.75348
5081,25.75348
5082,25.75348
5083,25.75348
5084,25.75348
5085,25.75348
5086,25.75348
5087,25.75348
5088,25.75348
5089,25.75348
5090,25.75348
5091,25.75348
5092,25.75348
5093,25.75348
5094,25.75348
5095,25.75348
5096,25.75348
5097,25.75348
5098,25.75348
5099,25.75348
5100,25.75348
5101,13.329445
5102,13.329445
5103,25.75348
5104,25.75348
5105,25.75348
5106,25.75348
5107,-9999.0
5108,-9999.0
5109,-9999.0
5110,-9999.0
5111,-9999.0
5112,-9999.0
5113,-9999.0
5114,-9999.0
5115,-9999.0
5116,-9999.0
5117,-9999.0
5118,-9999.0
5119,-9999.0
5120,-9999.0
5121,-9999.0
5122,-9999.0
5123,-9999.0
5124,-9999.0
5125,-9999.0
5126,-9999.0
5127,-9999.0
5128,-9999.0
5129,-9999.0
5130,-9999.0
5131,-9999.0
5132,-9999.0
5133,-9999.0
5134,-9999.0
5135,-9999.0
5136,-9999.0
5137,-9999.0
5138,-9999.0
5139,-9999.0
5140,-9999.0
5141,-9999.0
5142,-9999.0
5143,-9999.0
5144,-9999.0
5145,-9999.0
5146,-9999.0
5147,-9999.0
5148,9.542103
5149,20.032328
5150,20.032328
5151,25.75348
5152,25.75348
5153,25.75348
5154,25.75348
5155,25.75348
5156,25.75348
5157,25.75348
5158,25.75348
5159,25.75348
5160,25.75348
5161,25.75348
5162,25.75348
5163,25.75348
5164,25.75348
5165,25.75348
5166,25.75348
5167,25.75348
5168,25.75348
5169,13.329445
5170,13.329445
5171,25.75348
5172,25.75348
5173,-9999.0
5174,-9999.0
5175,-9999.0
5176,25.75348
5177,25.75348
5178,13.329445
5179,-9999.0
5180,-9999.0
5181,-9999.0
5182,-9999.0
5183,-9999.0
5184,-9999.0
5185,-9999.0
5186,-9999.0
5187,-9999.0
5188,-9999.0
5189,-9999.0
5190,-9999.0
5191,-9999.0
5192,-9999.0
5193,-9999.0
5194,-9999.0
5195,-9999.0
5196,-9999.0
5197,-9999.0
5198,-9999.0
5199,-9999.0
5200,-9999.0
5201,-9999.0
5202,-9999.0
5203,-9999.0
5204,-9999.0
5205,-9999.0
5206,-9999.0
5207,-9999.0
5208,-9999.0
5209,-9999.0
5210,-9999.0
5211,-9999.0
5212,-9999.0
5213,-9999.0
5214,-9999.0
5215,-9999.0
5216,-9999.0
5217,-9999.0
5218,-9999.0
5219,-9999.0
5220,-9999.0
5221,9.542103
5222,20.032328
5223,20.032328
5224,25.75348
5225,25.75348
5226,25.75348
5227,25.75348
5228,25.75348
5229,25.75348
5230,25.75348
5231,25.75348
5232,25.75348
5233,25.75348
5234,25.75348
5235,25.75348
5236,25.75348
5237,25.75348
5238,25.75348
5239,25.75348
5240,25.75348
5241,25.75348
5242,13.329445
5243,13.329445
5244,-9999.0
5245,-9999.0
5246,-9999.0
5247,-9999.0
5248,25.75348
5249,25.75348
5250,25.75348
5251,-9999.0
5252,-9999.0
5253,-9999.0
5254,-9999.0
5255,-9999.0
5256,-9999.0
5257,-9999.0
5258,-9999.0
5259,-9999.0
5260,-9999.0
5261,-9999.0
5262,-9999.0
5263,-9999.0
5264,-9999.0
5265,-9999.0
5266,-9999.0
5267,-9999.0
5268,-9999.0
5269,-9999.0
5270,-9999.0
5271,-9999.0
5272,-9999.0
5273,-9999.0
5274,-9999.0
5275,-9999.0
5276,-9999.0
5277,-9999.0
5278,-9999.0
5279,-9999.0
5280,-9999.0
5281,-9999.0
5282,-9999.0
5283,-9999.0
5284,-9999.0
5285,-9999.0
5286,-9999.0
5287,-9999.0
5288,-9999.0
5289,-9999.0
5290,-9999.0
5291,-9999.0
5292,-9999.0
5293,-9999.0
5294,-9999.0
5295,20.032328
5296,20.032328
5297,25.75348
5298,25.75348
5299,25.75348
5300,25.75348
5301,25.75348
5302,25.75348
5303,25.75348
5304,25.75348
5305,25.75348
5306,25.75348
5307,25.75348
5308,25.75348
5309,-9999.0
5310,-9999.0
5311,-9999.0
5312,25.75348
5313,25.75348
5314,25.75348
5315,13.329445
5316,13.329445
5317,-9999.0
5318,-9999.0
5319,-9999.0
5320,-9999.0
5321,-9999.0
5322,25.75348
5323,-9999.0
5324,-9999.0
5325,-9999.0
5326,-9999.0
5327,-9999.0
5328,-9999.0
5329,-9999.0
5330,-9999.0
5331,-9999.0
5332,-9999.0
5333,-9999.0
5334,-9999.0
5335,-9999.0
5336,-9999.0
5337,-9999.0
5338,-9999.0
5339,-9999.0
5340,-9999.0
5341,-9999.0
5342,-9999.0
5343,-9999.0
5344,-9999.0
5345,-9999.0
5346,-9999.0
5347,-9999.0
5348,-9999.0
5349,-9999.0
5350,-9999.0
5351,-9999.0
5352,-9999.0
5353,-9999.0
5354,-9999.0
5355,-9999.0
5356,-9999.0
5357,-9999.0
5358,-9999.0
5359,-9999.0
5360,-9999.0
5361,-9999.0
5362,-9999.0
5363,-9999.0
5364,-9999.0
5365,-9999.0
5366,-9999.0
5367,-9999.0
5368,9.542103
5369,9.542103
5370,20.032328
5371,20.032328
5372,20.032328
5373,20.032328
5374,20.032328
5375,25.75348
5376,25.75348
5377,25.75348
5378,25.75348
5379,25.75348
5380,9.542103
5381,9.542103
5382,25.75348
5383,-9999.0
5384,-9999.0
5385,-9999.0
5386,-9999.0
5387,25.75348
5388,-9999.0
5389,-9999.0
5390,-9999.0
5391,-9999.0
5392,-9999.0
5393,-9999.0
5394,-9999.0
5395,-9999.0
5396,-9999.0
5397,-9999.0
5398,-9999.0
5399,-9999.0
5400,-9999.0
5401,-9999.0
5402,-9999.0
5403,-9999.0
5404,-9999.0
5405,-9999.0
5406,-9999.0
5407,-9999.0
5408,-9999.0
5409,-9999.0
5410,-9999.0
5411,-9999.0
5412,-9999.0
5413,-9999.0
5414,-9999.0
5415,-9999.0
5416,-9999.0
5417,-9999.0
5418,-9999.0
5419,-9999.0
5420,-9999.0
5421,-9999.0
5422,-9999.0
5423,-9999.0
5424,-9999.0
5425,-9999.0
5426,-9999.0
5427,-9999.0
5428,-9999.0
5429,-9999.0
5430,-9999.0
5431,-9999.0
5432,-9999.0
5433,-9999.0
5434,-9999.0
5435,-9999.0
5436,-9999.0
5437,-9999.0
5438,-9999.0
5439,-9999.0
5440,-9999.0
5441,9.542103
5442,9.542103
5443,20.032328
5444,20.032328
5445,20.032328
5446,20.032328
5447,20.032328
5448,25.75348
5449,25.75348
5450,25.75348
5451,25.75348
5452,25.75348
5453,9.542103
5454,9.542103
5455,-9999.0
5456,-9999.0
5457,-9999.0
5458,-9999.0
5459,-9999.0
5460,-9999.0
5461,-9999.0
5462,-9999.0
5463,-9999.0
5464,-9999.0
5465,-9999.0
5466,-9999.0
5467,-9999.0
5468,-9999.0
5469,-9999.0
5470,-9999.0
5471,-9999.0
5472,-9999.0
5473,-9999.0
5474,-9999.0
5475,-9999.0
5476,-9999.0
5477,-9999.0
5478,-9999.0
5479,-9999.0
5480,-9999.0
5481,-9999.0
5482,-9999.0
5483,-9999.0
5484,-9999.0
5485,-9999.0
5486,-9999.0
5487,-9999.0
5488,-9999.0
5489,-9999.0
5490,-9999.0
5491,-9999.0
5492,-9999.0
5493,-9999.0
5494,-9999.0
5495,-9999.0
5496,-9999.0
5497,-9999.0
5498,-9999.0
5499,-9999.0
5500,-9999.0
5501,-9999.0
5502,-9999.0
5503,-9999.0
5504,-9999.0
5505,-9999.0
5506,-9999.0
5507,-9999.0
5508,-9999.0
5509,-9999.0
5510,-9999.0
5511,-9999.0
5512,-9999.0
5513,20.032328
5514,9.542103
5515,9.542103
5516,20.032328
5517,20.032328
5518,20.032328
5519,20.032328
5520,20.032328
5521,25.75348
5522,25.75348
5523,25.75348
5524,25.75348
5525,25.75348
5526,9.542103
5527,-9999.0
5528,-9999.0
5529,-9999.0
5530,-9999.0
5531,-9999.0
5532,-9999.0
5533,-9999.0
5534,-9999.0
5535,-9999.0
5536,-9999.0
5537,-9999.0
5538,-9999.0
5539,-9999.0
5540,-9999.0
5541,-9999.0
5542,-9999.0
5543,-9999.0
5544,-9999.0
5545,-9999.0
5546,-9999.0
5547,-9999.0
5548,-9999.0
5549,-9999.0
5550,-9999.0
5551,-9999.0
5552,-9999.0
5553,-9999.0
5554,-9999.0
5555,-9999.0
5556,-9999.0
5557,-9999.0
5558,-9999.0
5559,-9999.0
5560,-9999.0
5561,-9999.0
5562,-9999.0
5563,-9999.0
5564,-9999.0
5565,-9999.0
5566,-9999.0
5567,-9999.0
5568,-9999.0
5569,-9999.0
5570,-9999.0
5571,-9999.0
5572,-9999.0
5573,-9999.0
5574,-9999.0
5575,-9999.0
5576,-9999.0
5577,-9999.0
5578,-9999.0
5579,-9999.0
5580,-9999.0
5581,-9999.0
5582,-9999.0
5583,-9999.0
5584,-9999.0
5585,-9999.0
5586,-9999.0
5587,-9999.0
5588,-9999.0
5589,20.032328
5590,20.032328
5591,20.032328
5592,20.032328
5593,20.032328
5594,20.032328
5595,20.032328
5596,25.75348
5597,25.75348
5598,25.75348
5599,20.032328
5600,-9999.0
5601,-9999.0
5602,-9999.0
5603,-9999.0
5604,-9999.0
5605,-9999.0
5606,-9999.0
5607,-9999.0
5608,-9999.0
5609,-9999.0
5610,-9999.0
5611,-9999.0
5612,-9999.0
5613,-9999.0
5614,-9999.0
5615,-9999.0
5616,-9999.0
5617,-9999.0
5618,-9999.0
5619,-9999.0
5620,-9999.0
5621,-9999.0
5622,-9999.0
5623,-9999.0
5624,-9999.0
5625,-9999.0
5626,-9999.0
5627,-9999.0
5628,-9999.0
5629,-9999.0
5630,-9999.0
5631,-9999.0
5632,-9999.0
5633,-9999.0
5634,-9999.0
5635,-9999.0
5636,-9999.0
5637,-9999.0
5638,-9999.0
5639,-9999.0
5640,-9999.0
5641,-9999.0
5642,-9999.0
5643,-9999.0
5644,-9999.0
5645,-9999.0
5646,-9999.0
5647,-9999.0
5648,-9999.0
5649,-9999.0
5650,-9999.0
5651,-9999.0
5652,-9999.0
5653,-9999.0
5654,-9999.0
5655,-9999.0
5656,-9999.0
5657,-9999.0
5658,-9999.0
5659,-9999.0
5660,-9999.0
5661,-9999.0
5662,-9999.0
5663,20.032328
5664,20.032328
5665,20.032328
5666,20.032328
5667,20.032328
5668,20.032328
5669,25.75348
5670,25.75348
5671,25.75348
5672,20.032328
5673,-9999.0
5674,-9999.0
5675,-9999.0
5676,-9999.0
5677,-9999.0
5678,-9999.0
5679,-9999.0
5680,-9999.0
5681,-9999.0
5682,-9999.0
5683,-9999.0
5684,-9999.0
5685,-9999.0
5686,-9999.0
5687,-9999.0
5688,-9999.0
5689,-9999.0
5690,-9999.0
5691,-9999.0
5692,-9999.0
5693,-9999.0
5694,-9999.0
5695,-9999.0
5696,-9999.0
5697,-9999.0
5698,-9999.0
5699,-9999.0
5700,-9999.0
5701,-9999.0
5702,-9999.0
5703,-9999.0
5704,-9999.0
5705,-9999.0
5706,-9999.0
5707,-9999.0
5708,-9999.0
5709,-9999.0
5710,-9999.0
5711,-9999.0
5712,-9999.0
5713,-9999.0
5714,-9999.0
5715,-9999.0
5716,-9999.0
5717,-9999.0
5718,-9999.0
5719,-9999.0
5720,-9999.0
5721,-9999.0
5722,-9999.0
5723,-9999.0
5724,-9999.0
5725,-9999.0
5726,-9999.0
5727,-9999.0
5728,-9999.0
5729,-9999.0
5730,-9999.0
5731,-9999.0
5732,-9999.0
5733,-9999.0
5734,-9999.0
5735,-9999.0
5736,-9999.0
5737,-9999.0
5738,-9999.0
5739,-9999.0
5740,20.032328
5741,20.032328
5742,20.032328
5743,20.032328
5744,20.032328
5745,-9999.0
5746,-9999.0
5747,-9999.0
5748,-9999.0
5749,-9999.0
5750,-9999.0
5751,-9999.0
5752,-9999.0
5753,-9999.0
5754,-9999.0
5755,-9999.0
5756,-9999.0
5757,-9999.0
5758,-9999.0
5759,-9999.0
5760,-9999.0
5761,-9999.0
5762,-9999.0
5763,-9999.0
5764,-9999.0
5765,-9999.0
5766,-9999.0
5767,-9999.0
5768,-9999.0
5769,-9999.0
5770,-9999.0
5771,-9999.0
5772,-9999.0
5773,-9999.0
5774,-9999.0
5775,-9999.0
5776,-9999.0
5777,-9999.0
5778,-9999.0
5779,-9999.0
5780,-9999.0
5781,-9999.0
5782,-9999.0
5783,-9999.0
5784,-9999.0
5785,-9999.0
5786,-9999.0
5787,-9999.0
5788,-9999.0
5789,-9999.0
5790,-9999.0
5791,-9999.0
5792,-9999.0
5793,-9999.0
5794,-9999.0
5795,-9999.0
5796,-9999.0
5797,-9999.0
5798,-9999.0
5799,-9999.0
5800,-9999.0
5801,-9999.0
5802,-9999.0
5803,-9999.0
5804,-9999.0
5805,-9999.0
5806,-9999.0
5807,-9999.0
5808,-9999.0
5809,-9999.0
5810,-9999.0
5811,-9999.0
5812,-9999.0
5813,-9999.0
5814,20.032328
5815,20.032328
5816,20.032328
5817,20.032328
5818,-9999.0
5819,-9999.0
5820,-9999.0
5821,-9999.0
5822,-9999.0
5823,-9999.0
5824,-9999.0
5825,-9999.0
5826,-9999.0
5827,-9999.0
5828,-9999.0
5829,-9999.0
5830,-9999.0
5831,-9999.0
5832,-9999.0
5833,-9999.0
5834,-9999.0
5835,-9999.0
5836,-9999.0
5837,-9999.0
5838,-9999.0
5839,-9999.0
5840,-9999.0
5841,-9999.0
5842,-9999.0
5843,-9999.0
5844,-9999.0
5845,-9999.0
5846,-9999.0
5847,-9999.0
5848,-9999.0
5849,-9999.0
5850,-9999.0
5851,-9999.0
5852,-9999.0
5853,-9999.0
5854,-9999.0
5855,-9999.0
5856,-9999.0
5857,-9999.0
5858,-9999.0
5859,-9999.0
5860,-9999.0
5861,-9999.0
5862,-9999.0
5863,-9999.0
5864,-9999.0
5865,-9999.0
5866,-9999.0
5867,-9999.0
5868,-9999.0
5869,-9999.0
5870,-9999.0
5871,-9999.0
5872,-9999.0
5873,-9999.0
5874,-9999.0
5875,-9999.0
5876,-9999.0
5877,-9999.0
5878,-9999.0
5879,-9999.0
5880,-9999.0
5881,-9999.0
5882,-9999.0
5883,-9999.0
5884,-9999.0
5885,-9999.0
5886,-9999.0
5887,-9999.0
5888,20.032328
5889,20.032328
5890,20.032328
5891,-9999.0
5892,-9999.0
5893,-9999.0
5894,-9999.0
5895,-9999.0
5896,-9999.0
5897,-9999.0
5898,-9999.0
5899,-9999.0
5900,-9999.0
5901,-9999.0
5902,-9999.0
5903,-9999.0
5904,-9999.0
5905,-9999.0
5906,-9999.0
5907,-9999.0
5908,-9999.0
5909,-9999.0
5910,-9999.0
5911,-9999.0
5912,-9999.0
